<meta http-equiv="content-type" content="text/html	-1		
<title>OSM3S Response</title>	-1		
charset=utf-8" lang="en"/>	-1		
+39 0331 565988	-1		
<!DOCTYPE html PUBLIC "-//W3C//DTD XHTML 1.0 Strict//EN	-1		
</body>	-1		
</head>	-1		
</html>	-1		
<?xml version="1.0" encoding="UTF-8"?>	-1		
<body>	-1		
<head>	-1		
http://www.w3.org/TR/xhtml1/DTD/xhtml1-strict.dtd">	0	400	
<html xmlns="http://www.w3.org/1999/xhtml" xml:lang="en" lang="en">	-1		
<p><strong style="color:#FF0000">Error</strong>: runtime error: open64: 0 Success /osm3s_osm_base Dispatcher_Client::request_read_and_idx::timeout. The server is probably too busy to handle your request. </p>	-1		
<p>The data included in this document is from www.openstreetmap.org. The data is made available under ODbL.</p>	-1		
Burgez.com	-1		
acasadiminola.it	-1		
agricar.mercedes-benz.it	-1		
alergo.it	-1		
asst-spedalicivili.it	-1		
aurodental.it	-1		
autoberlin.it	-1		
automotive.rent	-1		
autoriparazioniclaudioresoli.it	-1		
autoriparazionitognidaniele.com	-1		
autoscout24.it	-1		
autoscuolafolgore.com	-1		
autosystemspa.it	-1		
bccbrescia.it	-1		
bresciaferport.it	-1		
brixiawrap.it	-1		
cartolibrerialapergamena.it	-1		
cbbo.it	-1		
comune.borgosatollo.bs.it	-1		
conad.it	-1		
crystalottica.it	-1		
csadistribuzione.it	-1		
divelife.it	-1		
dmagazine.it	-1		
edicole.primaedicola.it	-1		
elettrautobrescia.it	-1		
fradiavolopizzeria.com	-1		
gallettistore.com	-1		
gattastore.it	-1		
gelaterialapecoranera.it	-1		
giangusto.it	-1		
granodorovarese.it	-1		
gruppocarmeli.com	-1		
gruppogiovannini.com	-1		
gruppomove.it	-1		
http//www.autofficinamaggiore.it	-1		
http://100gradi.com/sporting/	6		
http://Www.fabiodolcini.it/gelateria.html	0	301	https://Www.fabiodolcini.it/gelateria.html
http://activaht.instantshop.it/	6		
https://questure.poliziadistato.it/servizio/uffici/5730dc9d14ab4929487638#:~:text=Note%3A%20Si%20comunica%20all'utenza,.bs%40poliziadistato.it%20.	0	200	
http://agriturismoilfalcone.it/	6		
http://agoranibionno.com	0	301	https://agoranibionno.com/
http://albergolegazzuolo.it	0	301	http://www.albergolegazzuolo.it/
http://aereomodellistiagello.it	0	500	
http://albese.pescevela.it	6		
http://alportoclusane.it/	0	301	https://www.alportoclusane.it/
http://anticalelia.com	6		
http://adasto.com	0	301	https://adasto.com/
http://amarcordpiadineria.it	0	301	http://www.amarcordpiadineria.it/
http://arealameccanica.com/	0	301	https://arealameccanica.com/
http://associazioneadlibitum.it	0	301	https://associazioneadlibitum.it/
http://associazioneadlibitum.it/	0	301	https://associazioneadlibitum.it/
http://asilonido123stella.it	0	301	http://www.asilonido123stella.it/
http://ancorabagolino.com/	0	200	
http://associazionenaturalmente.altervista.org/	0	200	
http://b-barucco.it/	6		
http://auto90evolution.it	0	404	
http://autoalbavilla.it	0	301	https://autoalbavilla.it/
http://asilopaoladirosa.it	0	200	
http://birrificiolambrate.com	0	301	https://birrificiolambrate.com/
http://blog.csbno.net/canegrate/	6		
http://bhangrabar.it	0	301	https://bhangrabar.it/
http://bottegadarteantichita.com	0	301	https://bottegadarteantichita.com/
http://brescia.lamaisondelamour.com	0	301	https://www.lamaisondelamour.com/
http://brianzabiblioteche.it/	0	301	https://brianzabiblioteche.it/
http://boscodellequerceome.altervista.org/	0	200	
http://bustoarsizio.ubiklibri.it	0	302	https://www.ubiklibri.it/
http://caicrema.it/baita/	0	301	https://caicrema.it/baita/
http://carrozzeriacomi.it/	0	301	https://www.carrozzeriacomi.it/
http://casa-scout.masci-como.it/	0	301	https://casa-scout.masci-como.it/
http://birrerialapulce.it/	28		
http://casacosi.com	0	301	https://casacosi.com/
http://bit.do/c6fi8	28		
http://crema.di.unimi.it/	0	200	
http://catastoforre.aic-canyoning.it/index/forra/cod/BS007	0	301	https://catastoforre.aic-canyoning.it/index/forra/cod/BS007
http://dalloziobacco.com/	6		
http://distillerienovelli.it/	6		
http://cultura.legnano.org/musei/	0	404	
http://enelopendata.insideout.io/#/PuntoEnel_Lombardia_69	6		
http://facebook.com/LaSforneria/	0	301	https://facebook.com/LaSforneria/
http://facebook.com/barlatorrebrescia	0	301	https://facebook.com/barlatorrebrescia
http://facebook.com/piastrapendolina	0	301	https://facebook.com/piastrapendolina
http://ecoflysrl.it/	0	301	https://www.ecoflyspa.it/
http://farmaciabassini.com	0	302	http://www.farmaciabassini.com/
http://caffarobrescia.com	28		
http://fomasgroup.com	0	301	https://www.fomasgroup.com/
http://ferrariopaolo.it	0	301	https://ferrariopaolo.it/
http://frantoiomontecroce.it	0	301	https://frantoiomontecroce.it/
http://fuasian.it	6		
http://gardakitesurf.com	0	302	http://www.gardakitesurf.com/
http://farmaciaarrighi.it	0	200	
http://genzianellavalmasino.com/	0	200	
http://fronteretro.net/index.html	0	200	
http://gisdev.io	0	301	https://gisdev.io/
http://coslombardia.cos.it/GST/index.php?option=com_content&view=article&id=11&Itemid=553	6		
http://gonzini.it	0	200	
http://grezzorawchocolate.com	0	301	https://grezzorawchocolate.com/
http://gustoarsizio.com	0	301	https://gustoarsizio.com/
http://gruppotiraboschi.it/	0	200	
http://hotelbelvedere.bs.it/	6		
http://gustolab.net/	0	503	
http://hoteleternita.it/	0	301	https://www.hoteleternita.it/
http://idea.vg/	0	301	http://www.idea.vg/
http://hotelengadina.com	0	200	
http://ilpeperone.com/	0	301	https://ilpeperone.com
http://idroelettricamcl.it/coclea-idraulica-rezzato---idrogarda.html	0	301	https://idroelettricamcl.it/coclea-idraulica-rezzato---idrogarda.html
http://impossiblemuseum.it/	0	301	https://impossiblemuseum.it/
http://kartodromofranciacorta.yolasite.com/	0	403	
http://ippogrifoviaggi.ippogrifoviaggi.it/	6		
http://labarcadisalvo.com/	6		
http://labellezzadicleopatra.it	6		
http://laprimulabianca.blogspot.it/	0	302	http://laprimulabianca.blogspot.com/
http://latterraggio.it/	0	301	https://www.latterraggio.it/
http://lecco.biblioteche.it/library/Lomagna/	0	403	
http://labottegadivittorio.com	0	301	https://labottegadivittorio.com/
http://lg-marmi.com	6		
http://lecco.biblioteche.it/library/Missaglia/	0	403	
http://liceoterragni.gov.it/	6		
http://lnx.agriturismoacquaesole.it/	0	500	
http://lionhostel.it	0	301	https://lionhostel.it/
http://lnx.ristorante-elisir.it	0	301	http://www.ristorante-elisir.it/
http://lombardia.stelviopark.it/portfolio/items/area-faunistica-di-pezzo/	0	301	https://lombardia.stelviopark.it/portfolio/items/area-faunistica-di-pezzo/
http://lonatospa.it/	0	200	
http://lnx.beautypointcomo.it	0	200	
http://martellifood.it/	0	301	http://www.martellifood.it/
http://masmetano.com/	0	200	
http://mercatodelsuffragio.it	0	200	
http://mgm-alimentari.it/	0	301	https://www.mgm-alimentari.it/
http://geoportale.caibergamo.it/it/rifugio/bivacco-davide	28		
http://mi-ramenbistro.it/	0	200	
http://milano.cavalliclub.com/	0	301	https://milano.cavalliclub.com/
http://milano.czechcentres.cz/	0	301	https://milano.czechcentres.cz/
http://nervianostore.it/	6		
http://oasileno.it	6		
http://geoportale.caibergamo.it/it/rifugio/bivacco-don-giulio-corini	28		
http://oggettiparlanti-sistemamuseale.provincia.lecco.it/	0	200	
http://oldamericacomo.it	0	301	https://www.oldamericacomo.it/
http://museoarcheologicogavardo.it	0	200	
http://oldmilanohouse.it	0	301	https://oldmilanohouse.it/
http://outletdeisogni.it/	6		
http://opac.provincia.brescia.it/library/solarolo-rainerio/	0	301	https://opac.provincia.brescia.it/library/solarolo-rainerio/
http://otticafbl.it/	0	301	https://otticafbl.it/
http://pasticceriaparabiago.it	6		
http://pizzeriacookwindow-milano.it/	0	301	https://pizzeriacookwindow-milano.it/
http://pizzerialaterrazza.com	0	302	https://domains.atom.com/lpd/name/pizzerialaterrazza.com
http://pavonianacalcio.it/	0	200	
http://pizzeriarunningclub.it/	0	301	https://pizzeriarunningclub.it/
http://podavini.it/	0	200	
http://qr.w69b.com/g/r0njfQ9K8	0	301	https://qr.w69b.com:443/g/r0njfQ9K8
http://puntofermo.net	0	301	http://www.puntofermo.net/
http://relaxtimecanegrate.com	0	301	https://relaxtimecanegrate.com/
http://retrobottega.net/	0	301	https://www.retrobottega.net/
http://rickybici.wix.com/rickybici	0	301	https://rickybici.wix.com:443/rickybici
http://rifugiodeglielfi.it/	6		
http://rifugiomenaggio.eu	0	301	https://rifugiomenaggio.eu/
http://rifugiognutti.it/	0	302	http://rifugiognutti.it/home-en/
http://primainfanzia.consorziofa.it/asili-nido/la-chiocciola/	0	200	
http://ristorantelaforchetta.it	0	301	https://ristorantelaforchetta.it/
http://ristorantenepalese.it	6		
http://santoni.com	0	200	
http://sayu.jp	6		
http://ristorantepreziosilla.it/#	0	301	https://ristorantepreziosilla.it/
http://scodinzoloonlus.it/	6		
http://scavitordeipaga.blogspot.it/	0	302	http://scavitordeipaga.blogspot.com/
http://scuolamanidiforbici.com	6		
http://scoutarese1.altervista.org/	0	403	
http://scuole.comune.braone.bs.it/	6		
http://sit.provincia.brescia.it/	0	307	https://sit.provincia.brescia.it:443/
http://sottoglio.eabu.com	6		
http://siti.voli.bs.it/gian/	0	404	
http://stellapub.com	0	301	https://stellapub.com/
http://thealley.it	6		
http://theclubprive.it/desenzano/	6		
http://themarketplace.it	52		
http://ticor.it	0	301	https://ticor.it/
http://trattoriacomo.com/	6		
http://trattoriasanmartino.it/	0	200	
http://rifugionicola.com	6		
http://universitasysei.blogspot.it/	0	302	http://universitasysei.blogspot.com/
http://unmondodisapori.it	0	301	http://www.unmondodisapori.it/
http://unionefemminile.it/	0	301	https://unionefemminile.it/
http://valcofotoottica.it/	6		
http://v6como.it	0	301	https://www.oldamericacomo.it/piu-di-un-ristorante/
http://vecchio800.blogspot.it/	0	302	http://vecchio800.blogspot.com/
http://osterialagrotta.it	28		
http://veterinariocaglieri.it/	6		
http://villapace.org	0	301	https://villapace.org/
http://sportgroup.it/	0	200	
http://vergaselezione.it	0	200	
http://webopac.csbno.net/library/Cerro/	0	403	
http://www.acutofarmacia.it/la-farmacia-acuto-brescia	6		
http://www.accademialascala.it	0	301	https://www.accademialascala.it/
http://www.adirho.org/	0	301	https://www.adirho.org/
http://www.aeroclubcomo.com	0	301	https://www.aeroclubcomo.com/
http://www.accapalace.com	0	301	https://aahotels.it/hotels/accapalace/index.html
http://www.affrescomn.it/	6		
http://www.agricolalunapiena.com/	6		
http://www.agrirosadeiventi.it/	6		
http://www.afterline.it/	0	301	https://www.afterline.it/
http://www.agriturismo.biosio.it	6		
http://www.agriturismo.biosio.it/il-frantoio-oleario-della-valsassina-sul-lago-di-como/	6		
http://www.agriturismobel.com/	6		
http://www.agedomilano.it/	0	301	https://www.agedomilano.it/
http://www.agriturismoalcalanc.it/	6		
http://www.agriturismodazze.com/	0	403	
http://www.afabi.it	0	301	https://www.afabi.it//
http://www.agriturismoforest.com/	52		
http://www.agriturismolaconta.it/index.html	6		
http://www.agriturismodossobadino.it/	0	301	https://www.agriturismodossobadino.it/
http://www.agriturismolagriglia.it/	6		
http://www.agriturismolasacca.it/	6		
http://www.agriturismocasinetto.it/	0	200	
http://www.agriturismonai.it/	6		
http://www.agriturismocorneidanadia.com/	0	200	
http://www.aironealbergo.it/	6		
http://www.airuccedintornionlus.altervista.org/	6		
http://www.agroforestale.villacarcina.org/	0	200	
http://www.agriturismooliveto.com	0	302	http://www.agriturismooliveto.com/it/
http://www.albergolafabbrica.it/	6		
http://www.albergomaccagno.it	6		
http://www.albergoventurelli.it/	6		
http://www.albergodelduca.it/	0	301	https://www.albergodelduca.it/
http://www.albuongusto.com/hostaria/	0	404	
http://www.alciliegio.com	0	301	https://www.alciliegio.com/
http://www.albergosorgente.it/	0	200	
http://www.aldocoppola.it/	0	200	
http://www.almiralago.it/	6		
http://www.alicepizza.it/puntivendita/alice-spallanzani/	0	301	https://www.alicepizza.it/puntivendita/alice-spallanzani/
http://www.agriturismolepreseglie.com	0	302	http://www.lepreseglie.com/
http://www.alnumero5.it/	6		
http://www.altefrequenze.com	6		
http://www.alpstation.it/AlpstationDettaglio.aspx?id=alpstation	0	302	https://www.alpstation.it/AlpstationDettaglio.aspx?id=alpstation
http://www.alexandrastay.com	0	200	
http://www.altopianocariadeghe.it/	6		
http://www.alvisconte.com/	0	301	https://expireddomains.com/domain/alvisconte.com?utm_source=redi
http://www.altorchiotignale.it/	0	301	https://www.altorchiotignale.it/
http://www.alvolopavia.com	6		
http://www.americana100.com	0	405	
http://www.amgasport.it/i-nostri-impianti/impianto-di-parabiago/il-centro	0	302	https://www.amgasport.it/i-nostri-impianti/impianto-di-parabiago/il-centro
http://www.amicidellanaturasaviore.org/	0	301	https://www.amicidellanaturasaviore.org/
http://www.amicidisanglisente.it/	6		
http://www.amunisex.com	6		
http://www.altempiodoro.it	0	200	
http://www.angolodellatradizione.it	6		
http://www.aneibrescia.org/	6		
http://www.anticaosteriapace.it/	6		
http://www.anticaosteriadellalucciola.com/	0	301	https://www.anticaosteriadellalucciola.com/
http://www.antoniettiseo.gov.it/	6		
http://www.anticatrattoriamiravalle.it/index.html	0	301	https://www.anticatrattoriamiravalle.it/index.html
http://www.amicidellartesanteufemia.it/via-lucis/presentazione	0	301	https://www.amicidellartesanteufemia.it/via-lucis-sant-eufemia/presentazione/
http://www.apicolturasampi.it/	0	200	
http://www.aochiari.it/	0	200	
http://www.aquafresca.info/	0	301	https://www.aquafresca.info/
http://www.arcibellezza.it/	0	301	https://www.arcibellezza.it/
http://www.archiviodistatobrescia.beniculturali.it/	0	301	https://archiviodistatobrescia.cultura.gov.it/
http://www.arcigaymilano.org	0	301	https://www.arcigaymilano.org/
http://www.arcilesbica.it/milano/	0	301	https://www.arcilesbica.it/milano/
http://www.arcierideldrago.it/site/?page_id=46	0	200	
http://www.arcimilano.it/circoli/circolo/villa-cortese	0	301	https://www.arcimilano.it/circoli/circolo/villa-cortese
http://www.arepaz.it	0	301	https://www.arepaz.it/
http://www.asamilano30.org	0	200	
http://www.asdilmosaico.it/	0	200	
http://www.associazioneilcapannone.org	6		
http://www.associazionelemuse.com/	0	500	
http://www.asinochevola.net/	0	301	https://www.asinochevola.net/
http://www.atelierfotogek.it/	6		
http://www.asst-spedalicivili.it/servizi/notizie/notizie_homepage.aspx	0	500	
http://www.atworks.it/	0	301	https://www.atworks.it/
http://www.atuttabirra.com/	0	301	https://www.atuttabirra.com/
http://www.aurorapalazzolo.it/	6		
http://www.autogrill.com/	0	301	https://autogrill.com/
http://www.autocastello.it/	0	301	https://www.autocastello.it/
http://www.autosanvito.com/	0	200	
http://www.avanzimoto.it	0	308	https://www.avanzimoto.it/
http://www.artecasare.it	0	301	https://www.artecasare.it/
http://www.alpinimazzano.it/	0	200	
http://www.avanzi.net	0	301	https://www.avanzi.net/
http://www.avis-legnano.org/	0	301	https://www.avis-legnano.org/
http://www.baitafontaneto.it/	6		
http://www.aziendaspecialeconcesio.it/	0	303	https://www.aziendaspecialeconcesio.it/
http://www.baitapadredaniele.org/	6		
http://www.barbaecapelli.altervista.org	0	403	
http://www.baitamontecroce.com/	0	301	https://www.baitamontecroce.com/
http://www.bartouringmenu.it	6		
http://www.bazolipolo.it/	0	200	
http://www.bbpiccolotibet.com/	6		
http://www.bcccaravaggio.it/	0	301	https://www.bcccaravaggio.it/
http://www.bbdesenzano.com/	0	404	
http://www.bccgarda.it	0	301	https://www.bccgarda.it/
http://www.baitabelvedere.it/	0	301	https://www.baitabelvedere.it/
http://www.bcmcosmetics.it/	0	301	https://www.bcmcosmetics.it/
http://www.beballondoner.it	6		
http://www.bed-and-breakfast-casapascolone.it/	6		
http://www.beauty-star.it/	0	301	https://www.beauty-star.it/
http://www.beatoangelico.it/	0	301	https://www.beatoangelico.it/
http://www.babychic.it/	0	301	https://www.babychic.it/
http://www.befed.it	0	301	https://befedpub.com/
http://www.bedzanaglio.it	0	301	https://www.bedzanaglio.it/
http://www.bellagio.co.nz/concaverde/	0	301	https://bellagio.co.nz/concaverde/
http://www.belvederevillahotel.it/	0	301	https://www.belvederevillahotel.it/
http://www.bersiserlini.it	0	200	
http://www.bertiaziendaagricola.it	0	200	
http://www.bettolini.it/	6		
http://www.bewertungen.opodo.de/hotel/italien-malta/gardasee/toscolano-maderno/piccolo-paradiso-hotel.htm	6		
http://www.belvedereborno.com/	0	301	https://www.belvedereborno.com/
http://www.biciclettezecchini.com/	6		
http://www.bestrong.it	0	200	
http://www.bhangrabar.app	0	301	https://www.bhangrabar.app/
http://www.bioangus.com	0	301	https://www.bioangus.com/
http://www.birrificiootus.com/	0	301	https://www.birrificiootus.com/
http://www.birrificiodilegnano.it	0	301	https://www.birrificiodilegnano.it/
http://www.boogiedownshop.com/	0	405	
http://www.borno.gov.it	6		
http://www.bimbochiamabimbo.it/	0	200	
http://www.bowlingerba.it	0	301	https://www.bowlingerba.it/
http://www.bortolamibike.it/	0	301	https://www.bortolamibike.it/
http://www.braone.gov.it/pages/home.asp	6		
http://www.breno.gov.it/pages/home.asp	6		
http://www.brescia8.flazio.com/	0	404	
http://www.bracciani.mi.it	0	200	
http://www.bresciabedandbreakfast.it/	0	200	
http://www.bresciaricambi.it/	0	301	https://www.bresciaricambi.it/
http://www.bresciachapter.org/	0	301	https://www.bresciachapter.org/
http://www.bricook.it	0	301	https://www.bricook.it/
http://www.btb.it/	0	301	http://btb.it/
http://www.burgerwave.it/burger-wave-navigli/	0	301	https://www.burgerwave.it/burger-wave-navigli/
http://www.bustotre.org	0	301	https://www.bustotre.org/
http://www.c-argenterio.it/	6		
http://www.cacciaepescabienno.it/	6		
http://www.bulthaup.it/	0	301	https://bulthaup.com/
http://www.cafelaperlaorzinuovi.it/	6		
http://www.caffefarmacia.it/	0	301	https://www.caffefarmacia.it/
http://www.bellagiosilvio.it/	28		
http://www.caffevergnano.com	0	301	https://www.caffevergnano.com/
http://www.caffevespa.it/	6		
http://www.caffemazzini.it	0	200	
http://www.caffemazzini.it/	0	200	
http://www.cai-desenzano.it/	0	301	https://www.cai-desenzano.it/
http://www.cai-nave.it/	0	301	https://www.cai-nave.it/
http://www.caibreno.it/	7		
http://www.caidarfo.com/index.html	0	200	
http://www.blancomilano.it	28		
http://www.caigallarate.it/Rifugi-e-Bivacchi/Casorate-Sempione	0	302	https://www.caigallarate.it/Rifugi-e-Bivacchi/Casorate-Sempione
http://www.cailumezzane.it/	0	200	
http://www.caipalazzolo.it/	0	200	
http://www.caipezzopontedilegno.it/wp/bivacco-linge/	0	301	https://caipezzopontedilegno.it/wp-content/uploads/2024/06/bivacco-linge.jpg
http://www.calzaturebelfiore.com/	0	301	https://www.calzaturebelfiore.com/
http://www.caldana.it/	0	301	https://www.caldana.it/
http://www.calzecaba.it/	0	301	https://www.calzecaba.it/
http://www.calzolaiobrescia.com/	0	301	https://www.calzolaiobrescia.com/
http://www.camiceriavitali.it/	0	200	
http://www.campeggioremal.com	0	301	https://www.campeggioremal.com/
http://www.campingadamello.it	0	301	https://www.campingadamello.it/
http://www.campingcave.it	0	301	https://www.campingcave.it/
http://www.campinggefara.it/	0	200	
http://www.campingmilano.it/	0	301	https://www.campingmilano.it/
http://www.campingpromontorio.it/	0	200	
http://www.cai.bs.it/	28		
http://www.cai.bs.it/vedit/pagina.asp?pagina=1274	28		
http://www.campingzocco.com	0	301	https://www.campingzocco.com/
http://www.campovolodeinavigli.it	6		
http://www.campotres.it/	0	200	
http://www.canadian.it/	0	301	https://www.canadian.it//
http://www.campingstellaalpina.it/	0	301	https://www.campingstellaalpina.it/
http://www.cantinadelmangia.it	6		
http://www.cantinaccia.it	0	200	
http://www.capellopoint.it	0	301	https://www.capellopoint.it/
http://www.capracarta.it/	0	301	https://www.capracarta.it/
http://www.caravan77.it	0	301	https://www.caravan77.it/
http://www.cardiologicomonzino.it/	0	301	https://www.cardiologicomonzino.it/
http://www.care-dent.it	0	301	https://www.care-dent.it:443/
http://www.cargomilano.it/stores/negozio/2	0	301	https://www.cargomilano.it/stores/negozio/2
http://www.cartoleriagardoni.it/	0	200	
http://www.cantierenauticodonato.it/	0	301	https://cantierenauticodonato.it/
http://www.casadelbottone.com/	0	200	
http://www.cascinaalbarito.it/	0	301	https://www.cascinaalbarito.it/
http://www.casaproject.it/	0	403	
http://www.camisoft.it	28		
http://www.cascinasantacroce.it/	0	301	https://www.cascinasantacroce.it/
http://www.casevacanzadiffuse.com	0	302	http://www.ilimonidelrustichel.it
http://www.castingmilano.net	6		
http://www.castelveder.it/	0	403	
http://www.cavarizzardi.it/	0	200	
http://www.cascinavalsorda.com/	0	302	https://www.cascinavalsorda.com/IT/
http://www.cascinalabenedetta.it/	0	200	
http://www.centronatatorioghedi.it	6		
http://www.ceramichefrattini.it/	0	301	https://www.ceramichefrattini.it/
http://www.centroverde.com/	0	301	https://www.centroverde.com/
http://www.cctinox.it	0	301	https://www.cctinox.it/it/
http://www.cerveno.gov.it/pages/home.asp	6		
http://www.chebika.it/	6		
http://www.ceresmoda.com	0	301	https://www.ceresmoda.com/
http://www.cfb-brescia.org/	0	200	
http://www.chieracostui.com/costui/docs/search/schedaoltre.asp?ID=3844	0	301	https://www.chieracostui.com/costui/docs/search/schedaoltre.asp?ID=3844
http://www.chioscomadai.it/beach_bar/	0	301	https://www.chioscomadai.it/beach_bar/
http://www.cicliboglia.it/	0	200	
http://www.centomiglia.it/	0	301	https://centomiglia.it/
http://www.cieloeterraonlus.org/accoglienza/dormitorio/	0	200	
http://www.circoloeverest.com	6		
http://www.cinemapioxi.it	0	200	
http://www.cioccolatitaliani.it/	0	301	https://cioccolatitaliani.it/
http://www.cingano.it/	0	301	https://www.intred.it/it
http://www.cittadelsole.it	0	301	https://www.cittadelsole.it/
http://www.clinicaveterinariaguidi.it/dove-siamo.html	6		
http://www.cityangels.it/	0	301	https://www.cityangels.it/
http://www.cmvsrl.it/	0	200	
http://www.cofa.it/	0	301	https://www.cofa.it/
http://www.cirese.it/	0	200	
http://www.coiter.com	0	301	https://www.coiter.com/
http://www.colibrionline.it/	7		
http://www.coltrisub.it/MAIN/ITA/home.htm	0	301	https://coltri.com/
http://www.comeon-como.it/lady-anna/	6		
http://www.colombetta.it/	0	301	https://www.colombetta.it/
http://www.colleincanto.it/	0	200	
http://www.como.aci.it	0	302	https://como.aci.it/
http://www.comune.azzanomella.bs.it/	0	301	https://www.comune.azzanomella.bs.it/
http://www.compro-oro-italia.it/	0	302	https://www.compro-oro-italia.it/
http://www.comune.brignano.bg.it/	0	301	https://www.comune.brignano.bg.it/
http://www.comune.barbariga.bs.it/site/	0	307	https://www.comune.barbariga.bs.it:443/site/
http://www.comune.bassano-bresciano.bs.it/	0	307	https://www.comune.bassano-bresciano.bs.it:443/
http://www.comune.caino.bs.it/	0	307	https://www.comune.caino.bs.it:443/
http://www.comune.calvisano.bs.it/hh/index.php	0	404	
http://www.comune.canegrate.mi.it/	0	301	https://www.comune.canegrate.mi.it:443/
http://www.comune.chiari.brescia.it/	0	307	https://www.comune.chiari.brescia.it:443/
http://www.comune.cigole.brescia.it/	0	307	https://www.comune.cigole.brescia.it:443/
http://www.comune.coccaglio.bs.it/	0	301	https://www.comune.coccaglio.bs.it/
http://www.comune.concesio.brescia.it/	0	307	https://www.comune.concesio.brescia.it:443/
http://www.comune.dello.bs.it/	0	301	https://comune.dello.bs.it/
http://www.comune.limonesulgarda.bs.it/index.asp?lang=1&menu=96&art=62	0	307	https://www.comune.limonesulgarda.bs.it:443/index.asp?lang=1&menu=96&art=62
http://www.comune.isorella.bs.it/hh/index.php	0	301	https://www.comune.isorella.bs.it/hh/index.php
http://www.comune.leno.bs.it/	0	307	https://www.comune.leno.bs.it:443/
http://www.comune.moniga-del-garda.bs.it/	6		
http://www.comune.ostiglia.mn.it/	0	301	https://www.comune.ostiglia.mn.it/
http://www.comune.monticellibrusati.bs.it/pages/home.asp	0	301	https://www.comune.monticellibrusati.bs.it:443/pages/home.asp
http://www.comune.pezzaze.bs.it/	0	307	https://www.comune.pezzaze.bs.it:443/
http://www.comune.padernofranciacorta.bs.it/hh/index.php	0	404	
http://www.comune.pontenizza.pv.it	0	301	https://www.comune.pontenizza.pv.it/
http://www.comune.poncarale.brescia.it/	0	200	
http://www.comune.stazzona.co.it/hh/index.php	0	301	https://www.comune.stazzona.co.it/hh/index.php
http://www.comune.suzzara.mn.it/servizi/notizie/notizie_homepage.aspx	0	301	https://www.comune.suzzara.mn.it/servizi/notizie/notizie_homepage.aspx
http://www.conad.it	0	301	https://www.conad.it/
http://www.comune.villacarcina.bs.it/	0	302	https://www.comune.villacarcina.bs.it:443/
http://www.conbipel.com/	0	301	https://www.conbipel.com/
http://www.conservatorio.brescia.it/	0	200	
http://www.conoloco.it/	0	200	
http://www.contradabaggina.it/	0	301	https://www.contradabaggina.it/
http://www.copanflocktech.com/	0	301	https://www.copangroup.com/
http://www.coopnordest.com/supermercato/montichiari/index.htm	0	404	
http://www.copromecelectronics.it/	0	302	/en
http://www.corpoforestale.it	6		
http://www.cortenogolgi.gov.it/pages/home.asp	6		
http://www.corazonado.it/	0	200	
http://www.cittadibrescia-gsd.it/	28		
http://www.cortesanfortunato.it	6		
http://www.cortezuccone.it/	6		
http://www.cossali.gov.it/	6		
http://www.comune.sustinente.mn.it/	0	503	
http://www.cortepiovanelli.it/	0	405	
http://www.crottodeltiglio.it	6		
http://www.crottodelsergente.it	0	301	https://www.crottodelsergente.it/
http://www.cubecafecomo.com/	6		
http://www.csusrl.it/italian/Novosilo_Via_Sirtori.php	0	301	https://www.csusrl.it/italian/Novosilo_Via_Sirtori.php
http://www.cosifantuttedesenzano.com	0	301	https://www.cosifantuttedesenzano.com/
http://www.curtatone.it/index.php/cultura-e-turismo/117-articoli-correlati/69-aree-sosta-camper	0	301	https://www.comune.curtatone.mn.it/index.php/cultura-e-turismo/117-articoli-correlati/69-aree-sosta-camper
http://www.ctbteatrostabile.it	0	200	
http://www.daldossosalamensa.it	0	301	https://www.daldossogroup.it/
http://www.damabeautyarredo.it	0	301	https://www.damabeautyarredo.it/
http://www.damianimario.it/	0	301	https://www.damianimario.it/
http://www.darfoboarioterme.gov.it/servizi/notizie/notizie_homepage.aspx	6		
http://www.dancehaus.it/	0	301	https://www.dancehaus.it/
http://www.cucinasantamaria.it	0	301	https://www.cucinasantamaria.it/
http://www.davidelongonipane.com/	0	301	https://www.davidelongonipane.com/
http://www.dbbike.it/	0	301	https://www.dbbike.it/
http://www.datefood.it	0	200	
http://www.dawali.it/	0	301	https://www.dawali.it/
http://www.debsrl.it	0	301	https://www.debsrl.it/
http://www.decholding.com	0	200	
http://www.dedalo2001.it/	0	301	https://www.dedalo2001.it/
http://www.de.co.it/	0	301	https://www.de.co.it/
http://www.deliziedibacco.it	0	200	
http://www.depadova.it	0	301	https://depadova.com
http://www.diagosrl.com/	0	301	https://www.diagosrl.it/
http://www.dimoredelgusto.it/villa-valenca-rovato/	0	404	
http://www.danielachiodi.it	0	301	https://www.danielachiodi.it/
http://www.dimensioneanimalerho.org/	0	301	https://www.dimensioneanimalerho.org/
http://www.docvadis.it/medicina-generale-rodengo-saiano/index.html	0	307	https://www.docvadis.it/medicina-generale-rodengo-saiano/index.html
http://www.dmag.eu	0	301	https://www.dmag.eu/
http://www.domusacademy.it/	0	301	https://www.domusacademy.com
http://www.domussalutis.it	0	302	https://www.fondazionecamplani.it/
http://www.dorsal.it/	0	301	https://www.dorsal.it/
http://www.drink-me.it/	0	302	https://nicsell.com/domain/www.drink-me.it
http://www.easytrust.it/	0	200	
http://www.drivercomo.it	0	301	https://www.drivercomo.it//
http://www.eldomegastore.it	52		
http://www.egeaonline.it	0	301	https://www.egeaonline.it/
http://www.elmerenderocomo.it	0	200	
http://www.dubbini.it/	0	200	
http://www.elpas.it/	0	200	
http://www.emme8.it/	0	301	https://mobologna.it/
http://www.equitazionelabardella.com/	6		
http://www.englishcaravaggio.it/	0	200	
http://www.empyre.it	0	200	
http://www.errebisport.com/	0	404	
http://www.escaperoombusto.it	0	301	https://www.escaperoombusto.it/
http://www.esserdea.it	0	301	https://www.esserdea.it/
http://www.estrattocoffee.it/phone/index.html	6		
http://www.exdogana.it	0	301	https://www.exdogana.it/
http://www.fabbricadipedavenatreviglio.it/	6		
http://www.facebook.com/pages/Pasticceria-da-Guido/229231135430	0	301	https://www.facebook.com/pages/Pasticceria-da-Guido/229231135430
http://www.falegnameriatonassi.it/	0	200	
http://www.facchetti.it	0	200	
http://www.farcombrescia.it/	0	200	
http://www.excaliburgames.eu/	0	301	https://www.excaliburgames.eu/
http://www.farcombrescia.it/farmacie/farmacia-via-corsica-72-brescia/	0	200	
http://www.farmacia-austoni.it	0	200	
http://www.farmaciabligny.it/	0	301	https://ordinionline.valoresalute.it/farmacie/bligny-sas/312184
http://www.farmaciabonomi.it	6		
http://www.farmaciaboccaccio.it	0	301	https://www.farmaciaboccaccio.it/
http://www.farmaciadrpreti.com/	0	200	
http://www.discoflorida.it/	28		
http://www.farmaciaminervaonline.com	6		
http://www.farmaciapeschiulli.it/	0	301	https://www.farmaciapeschiulli.it/
http://www.farcombrescia.it	0	200	
http://www.farmaciasanbartolomeo.net/	0	200	
http://www.farmaciaingardi.it/	0	301	https://www.instagram.com/farmaciaingardi/
http://www.farmaciasanmartinobs.it/	6		
http://www.farmaciasantantonio.it	0	302	https://parking.nidoma.com/www.farmaciasantantonio.it/
http://www.farmaciasdionigi.it/it/9/la-farmacia.htm	6		
http://www.farmaciasirmione.com/	0	301	https://www.farmaciasirmione.com/
http://www.farmaciasanbonifacio.it/	0	301	https://farmaciasanbonifacio.it/
http://www.farmaciatinti.it/	0	200	
http://www.farmaciasantateresacomo.it	0	200	
http://www.farmaciecomunalilonato.it/farmacia-san-giovanni-battista	0	301	https://www.farmaciecomunalilonato.it/farmacia-san-giovanni-battista
http://www.fbpsviluppo.it/airone/	0	301	https://www.fbpsviluppo.it/airone/
http://www.ferghettina.it	0	301	https://www.ferghettina.it/
http://www.fgacoperture.it/	0	200	
http://www.fiorellarubino.it	0	409	
http://www.flisifranzini.it/	0	301	https://www.flisifranzini.it/
http://www.farmaciawagner.com/	6		
http://www.figlideifiori.com	0	301	https://figlideifiori.com/
http://www.flyzonebrescia.com/	0	301	https://flyzonebrescia.com/
http://www.foddisprofessional.it	0	301	https://www.foddisprofessional.it/
http://www.fmcmaranta.it/	0	200	
http://www.fondazione-colturi.it/	0	200	
http://www.farmaciacremaschi.it/	28		
http://www.fondazioneugodacomo.it	0	200	
http://www.fornaciromanedilonato.it/fornaci	0	200	
http://www.foschetti.it/	0	302	https://parking.nidoma.com/www.foschetti.it/
http://www.fragilemilano.com	0	301	https://www.fragilemilano.com/
http://www.fotoexpresscomo.it/	0	404	
http://www.francescogonzaga.gov.it/	6		
http://www.fratellibertuzzi.it/	0	301	http://fratellibertuzzi.it/
http://www.frigeriodischi.it	0	301	https://www.frigeriodischi.it/
http://www.frassiregalo.it/	0	301	https://www.frassiregalo.it/
http://www.fruteiro.it	0	301	https://www.fruteiro.it/
http://www.francinelli.it	0	301	https://www.francinelli.it/
http://www.fumagallidossi.com	0	301	https://www.fumagallidossi.com/
http://www.fusionrestaurant.it	0	301	https://www.fusionrestaurant.it/
http://www.galleriadeltiro.it/	0	301	https://gunbankpoligono.it
http://www.gamesacademy.it/legnano	0	301	http://www.gamesacademy.it/legnano/
http://www.gamesacademy.it/brescia/	0	200	
http://www.gardaclimbing.it/falesia/gaino-camerate/	0	301	https://www.gardaclimbing.it/falesia/gaino-camerate/
http://www.gardaclimbing.it/falesia/monte-castello-di-gaino/	0	301	https://www.gardaclimbing.it/falesia/monte-castello-di-gaino/
http://www.gardaclimbing.it/settore/638/	0	301	https://www.gardaclimbing.it/settore/638/
http://www.gardavittoria.it/	6		
http://www.gardawash.com	6		
http://www.gargnanosulgarda.it/ristoranti-lagodigarda/Pizzeria-Al-Lago.html	0	301	https://www.gargnanosulgarda.it/ristoranti-lagodigarda/Pizzeria-Al-Lago.html
http://www.gardadomusmea.it	0	301	https://www.gardadomusmea.it/
http://www.gardalake.it/hotel-maderno/	0	404	
http://www.gaver-hoteleuropa.com/	0	200	
http://www.gclubtorribianche.it	0	301	https://www.gclubtorribianche.it/
http://www.gelateriacalchera.com	0	200	
http://www.gelateriacarroccio.com	6		
http://www.gelateriasoleluna.it/	0	301	https://www.gelateriasoleluna.it/
http://www.flyemotion.it	28		
http://www.gelaterievanilla.it	0	404	
http://www.gelateriacalchera.it	0	200	
http://www.gerolo.com/	0	200	
http://www.gialdini.com/	0	405	
http://www.giannicycling.it	0	301	https://www.giannicycling.it/
http://www.gian-bovezzo.it/	0	301	https://www.gian-bovezzo.it/
http://www.giardinidicorte.it	0	301	https://www.giardinidicorte.it/
http://www.giropizzapark.com/	6		
http://www.girinarte.it/	0	200	
http://www.giuliostoppani.com/	0	200	
http://www.gnanibiketeam.it/	6		
http://www.glasslegnano.it	0	301	https://www.glasslegnano.it/
http://www.golfbogliaco.com/	0	301	https://www.golfbogliaco.com/
http://www.greenfuelcompany.it	0	301	https://www.greenfuelcompany.it/
http://www.gpparking.it	0	301	https://www.gpparking.it/
http://www.gruppoad.eu/	6		
http://www.gruppospeleomontorfano.info/	6		
http://www.gustoitalianocanegrate.it	6		
http://www.grom.it/ita/dettagli_gelateria.php?id_gelateria=23&citt%E0=Milano	0	404	
http://www.gutteridge.it	0	200	
http://www.hatsebrothers.com	0	405	
http://www.hayes-lemmerz.com/	6		
http://www.hc-artfactory.it/	6		
http://www.gioielleriabelloni.com	0	301	https://www.gioielleriabelloni.com/
http://www.hellvadek.it/	6		
http://www.hdemiadanza.it/	0	200	
http://www.hm.com	0	403	
http://www.hobbybike.it	6		
http://www.hotel-ami.it/h-153851-D/details/hotel-sole-in-toscolano-maderno.htm	0	301	https://www.hotel-ami.it/h-153851-D/details/hotel-sole-in-toscolano-maderno.htm
http://www.helvetialezzeno.it/	0	301	https://www.helvetialezzeno.it/
http://www.hotel-belsoggiorno.it/	0	302	https://www.gardasol.it
http://www.hotel-giardinetto.com/	0	200	
http://www.hotel-igea.it/	6		
http://www.hotel-residence-gargnano.com	0	200	
http://www.hotelacquaviva.com/	0	200	
http://www.hotelauroralezzeno.com	0	301	https://www.hotelauroralezzeno.com/
http://www.hotelauroralezzeno.com/	0	301	https://www.hotelauroralezzeno.com/
http://www.hotelbarchetta.it/	0	301	https://www.hotelbarchetta.it/
http://www.hotelalpino.net	0	301	http://www.hotelalpino.net/it
http://www.hotelbonardi.it/	0	200	
http://www.hotelcaprimilano.it	0	301	http://hotelcaprimilano.it/
http://www.gdf.gov.it/reparti-del-corpo/territorio/lombardia/milano/gruppo-legnano	28		
http://www.hotelbelvederesirmione.com	0	301	https://www.hotelbelvederesirmione.com/
http://www.hotelelefante.eu/	6		
http://www.hotelderbysirmione.it	0	301	https://www.hotelderbysirmione.it/
http://www.hoteldateo.it	0	301	https://www.hoteldateo.it/
http://www.hotelfirenzecomo.com	0	301	https://www.hotelfirenzecomo.com/
http://www.hotelfioroni.com/	0	301	https://www.hotelfioroni.com/
http://www.hastoria.it	0	301	https://www.hastoria.it/
http://www.hotelgrecomilano.com	0	301	https://www.hotelgrecomilano.com/
http://www.hotelimpero.it/hotel-impero/ristorante-hotel-impero.html	0	301	https://www.hotelimpero.it/ristorante/
http://www.hotelimpero.it/	0	301	https://www.hotelimpero.it/
http://www.hotellaroccia.net	0	301	http://www.hotellaroccia.net/it/
http://www.hotellocanda.it	0	301	https://www.hotellocanda.it/
http://www.hotelmarolda.it	0	200	
http://www.hotelsangiorgiolimone.com/	6		
http://www.hotelimpero.it/ristorante-pizzeria-al-grillo.html	0	301	https://www.hotelimpero.it/
http://www.hotellondonmilano.com	0	200	
http://www.hotelvalledoro.it/	6		
http://www.hotelunicobydori.com	0	301	https://www.hotelunicobydori.com/
http://www.hotelportoazzurro.it	0	301	https://www.hotelportoazzurro.it//
http://www.hoteltrere.it	0	301	https://www.hoteltrere.it/
http://www.hotelvillaflorida.com/	0	200	
http://www.hsmarco.it/	6		
http://www.hotelvillaromantica.it/	0	301	https://www.veronaitaly-hotels.com/it/hotelvillaromantica.html
http://www.hotelvillaflori.it/ristorante	0	301	https://www.hotelvillaflori.it/ristorante
http://www.icbovegno.gov.it/	6		
http://www.iccentro2brescia.gov.it/	6		
http://www.icbariano.edu.it/	0	301	https://www.icbariano.edu.it/
http://www.icmastricaravaggini.edu.it/	0	301	https://www.icmastricaravaggini.edu.it/
http://www.icpiola.gov.it/	6		
http://www.iccolognoalserio.it	0	301	https://www.iccolognoalserio.edu.it/
http://www.icrodengosaiano.gov.it/	6		
http://www.idealcarautomobili.com/	0	301	https://idealcarautomobili.it/
http://www.idueleccesi.it/	6		
http://www.idudelacontrada.it	0	200	
http://www.idrovolanteiseo.it/	0	301	https://www.idrovolanteiseo.it/
http://www.ilbarmilano.it/	0	301	https://www.ilbarmilano.it/
http://www.ilcasoncello.it	6		
http://www.ilcarrettiere.eu	0	200	
http://www.ilbirrificio.it	0	301	https://ilbirrificio.it/
http://www.ilcondomicio.it	0	301	https://www.ilcondomicio.com/
http://www.ilgaribaldi.it	0	301	https://www.ilgaribaldi.it/
http://www.ilfaita.it/	0	200	
http://www.ilgigante.net/punti_vendita/scheda_pv.aspx?id=111	0	301	https://www.ilgigante.net
http://www.ilgrottodicadrezzate.it	6		
http://www.illorenzaccio.it/	6		
http://www.ilmercatoverde.com	0	200	
http://www.ilgrandecerchio.org/	0	301	https://www.ilgrandecerchio.org/
http://www.ilmondodeigiochimilano.it/	6		
http://www.ilmulinodicadrezzate.it	6		
http://www.ilparadossochiari.it/	6		
http://www.ilpiattopronto.it/	6		
http://www.ilprioreristorante.it/	6		
http://www.ilcolmetto.it/index.php	0	301	https://www.ilcolmetto.it/
http://www.imatex.it	0	301	https://www.imatex.it/
http://www.ilpertini.it	0	301	http://www.comune.cinisello-balsamo.mi.it/spip.php?rubrique107
http://www.immobiliarelagodigarda.it/	0	301	https://www.besthouse.it/
http://www.impiantielettriciparolini.it/index.html	0	200	
http://www.infotremosine.it/	0	301	https://infotremosine.com
http://www.inazareni.it	0	301	https://inazareni.it/
http://www.ingegnoli.it/	0	302	https://www.ingegnoli.it/
http://www.innsecilindri.com/	0	404	
http://www.ilsolitoposto.net/	0	301	https://www.ilsolitoposto.net/
http://www.internationalhoteliseo.it/	0	200	
http://www.intrecci.net/	0	301	https://www.intrecci.net/
http://www.invaltrompia.it/rubriche/fortificazioni/anveno.htm	0	301	https://www.invaltrompia.it/rubriche/fortificazioni/anveno.htm
http://www.ipssardemedici.eu/	6		
http://www.invaltrompia.it/rubriche/fortificazioni/domaro.htm	0	301	https://www.invaltrompia.it/rubriche/fortificazioni/domaro.htm
http://www.iridehotels.it/	0	200	
http://www.icp.mi.it/doria	28		
http://www.irismhotel.it/	0	301	https://www.irishotelfranciacorta.it/
http://www.isilvani.it/	6		
http://www.iseocai.net/index.html	0	301	https://www.iseocai.net/index.html
http://www.iroman.it	0	200	
http://www.isolaverdecomo.com/	0	302	https://www.isolaverdecomo.com/
http://www.isisbisuschio.it/	0	301	https://www.isisbisuschio.gov.it
http://www.istitutogolgibrescia.gov.it/	6		
http://www.innovagroup.it/caino.html	0	404	
http://www.jacarebar.it	6		
http://www.jacksontattoo.it/	6		
http://www.iubilantes.it	0	301	https://www.iubilantes.it/
http://www.istmarcopolo.it/home.html	0	301	https://istmarcopolo.it/home.html
http://www.itcombrescia.it/	0	200	
http://www.jysk.it	0	301	https://jysk.it/
http://www.kemper.it/	0	301	https://www.kemper.it/
http://www.kzerba.com/	6		
http://www.kimscout.it	0	301	https://kimscout.it/
http://www.labancadeisapori.it/	6		
http://www.korenclimb.it	0	301	https://www.korenclimb.it/
http://www.kidscot.it	6		
http://www.labema.it/	0	301	https://www.labema.it/
http://www.labasia.it/centro_ippico.htm	0	200	
http://www.lacasadellemeraviglie.org	0	200	
http://www.lacatilina.it/	0	301	https://www.lacatilina.it/
http://www.lacasadelneonato.it/	0	301	https://www.lacasadelneonato.it/
http://www.lacornucopia-como.it	6		
http://www.ladamadellago.com/	0	404	
http://www.laforneriarigali.com/	6		
http://www.lafattoriaditullio.it	6		
http://www.lagomandarino.net/home	6		
http://www.lacascinadeigelsi.com/	0	500	
http://www.landoflive.it	0	403	
http://www.lamagolfa.it/	0	301	https://www.lamagolfa.it/
http://www.lamuragliacantu.it/	0	301	https://www.lamuragliacantu.it/
http://www.lapergolaristorantepizzeria.it	6		
http://www.larusticafranchising.com/filialeLeno.html	6		
http://www.lapiola.it	0	301	https://www.lapiola.it/
http://www.latavernadelborgo.net	6		
http://www.lapergolapizzeria.it/	0	301	https://www.lapergolapizzeria.it/
http://www.lachiocciolacomo.it	0	301	https://www.lachiocciolacomo.it/
http://www.latteriaartigianalemolloy.it	6		
http://www.laurohotel.it/	0	301	https://www.laurohotel.it/
http://www.latorrefazione.it	0	308	https://www.latorrefazione.it
http://www.lecatene.it/	6		
http://www.legendclubmilano.com	0	301	https://www.legendclubmilano.com/
http://www.lasosta.it	0	301	https://lasosta.it/
http://www.leoshop.it	0	301	https://www.leoshop.it/
http://www.leadersport.it	0	301	http://www.xellesport.com/
http://www.liceobagatta.gov.it	6		
http://www.lesostealmare.it	0	301	https://www.lesostealmare.com/
http://www.lesposediannadamato.it/	0	301	https://www.lesposediannadamato.it/
http://www.lightcontract.it/	6		
http://www.licospars.com/	0	200	
http://www.lissana.com	0	403	
http://www.limone.com/fed/hotel_florida/it/	0	404	
http://www.livingcomo.net	6		
http://www.lilamilano.it	0	301	https://www.lilamilano.it/
http://www.locandadelcontrabbandiere.com/	0	301	https://www.locandadelcontrabbandiere.com/
http://www.livolsi.it	0	301	https://www.livolsi.it/
http://www.locandagenzialla.it/	6		
http://www.locandadavittorio.it/	0	308	https://www.locandadavittorio.it
http://www.locandaruscello.com	0	301	https://www.locandaruscello.com/
http://www.locandalacasetta.it	0	301	https://www.locandalacasetta.it/
http://www.locandapozzetto.it/	0	301	https://www.locandapozzetto.it/
http://www.locandasole.it/	6		
http://www.locatellisnc.it/	0	200	
http://www.locandavalgrande.it/	0	200	
http://www.lombardiabeniculturali.it/architetture/schede/CO250-00019/	0	302	https://www.lombardiabeniculturali.it/architetture/schede/CO250-00019/
http://www.loginmilano.com	0	301	https://www.loginmilano.com/
http://www.lombardiabeniculturali.it/architetture/schede/MI100-03089/ https://comune.garbagnate-milanese.mi.it/vivere-la-citta/beni-artistici-e-monumentali/santuario-della-beata-vergine-maria-del-rosario/	3		
http://www.lombardaprefabbricati.it/	0	200	
http://www.lombardiabeniculturali.it/architetture/schede/MI100-02359/	0	302	https://www.lombardiabeniculturali.it/architetture/schede/MI100-02359/
http://www.loptex.it	0	301	https://www.loptex.it/
http://www.lombardianuoto.it/impianti/la-piscinetta-di-busto/	0	301	https://www.lombardianuoto.it/impianti/la-piscinetta-di-busto/
http://www.lozio.gov.it	6		
http://www.lostagno.it/	0	301	https://www.lostagno.it/
http://www.lscgalilei.it/	0	200	
http://www.luini.it/	0	200	
http://www.macelleriavanoli.it/	6		
http://www.maggioniristorante.com/	6		
http://www.magicasaimmobiliare.com/	6		
http://www.luisaspagnoli.it/	0	301	https://www.luisaspagnoli.it/
http://www.lovelyflat.org/	0	200	
http://www.malonno.gov.it/pages/home.asp	6		
http://www.maininiauto.it/	0	301	https://www.maininiauto.it/
http://www.mamamilano.it/	0	301	https://www.mamamilano.it/
http://www.marcellinesantanna.it/	6		
http://www.mangiaridistrada.com/	0	200	
http://www.marilyns.it	0	301	https://www.marilyns.it/
http://www.martinellisupermercati.it/	0	301	https://www.martinellisupermercati.it/
http://www.manuelinafocacceria.it/	0	301	https://www.manuelinafocacceria.it/
http://www.martinomidali.com	0	301	https://www.martinomidali.com/it/
http://www.lattepiulive.it	28		
http://www.masaniellocuopp.it/	0	200	
http://www.matematica.unimi.it	0	301	https://matematica.unimi.it/
http://www.mbe.it/index.php?id=1014&store=ITMBE0770	0	403	
http://www.mecc-lan.it/	0	301	https://www.mecc-lan.it/
http://www.mediabonvesin.it	6		
http://www.materdivinaegratiae.it/mdgweb/	0	404	
http://www.medagliani.com/	0	301	https://www.medagliani.com/
http://www.memoriacollettivaclarense.it/cripta-di-santagape	6		
http://www.medioevovarese.it/	0	301	https://www.medioevovarese.it/
http://www.medioevovarese.it/it/affittacamere	0	301	https://www.medioevovarese.it/it/affittacamere
http://www.metalpi.it/	0	200	
http://www.mccormacks.it/	0	200	
http://www.micosport.com/	0	301	https://www.mico.it/
http://www.metropolitanamilanese.it/pub/page/it/MM/acque_reflue_depurazione	0	404	
http://www.milkmilano.com	0	301	https://www.milkmilano.com/
http://www.milanosport.it/impianto/34/argelati/	0	301	Https://www.milanosport.it/impianto/34/argelati/
http://www.missidenti.com/chi-siamo	6		
http://www.mitsuisangregorio.it	6		
http://www.millenniumresidence.it	0	301	https://www.millenniumresidence.it/
http://www.molinofllibraga.it/	6		
http://www.monte-orfano.it/wp-content/uploads/2018/12/carta_sentieri.pdf	6		
http://www.monteisola.com	0	405	
http://www.miticocchio.it	0	301	https://www.miticocchio.it/
http://www.montichiari.it/index2.php?action=story&cat=17&file=teatro	0	307	https://www.montichiari.it:443/index2.php?action=story&cat=17&file=teatro
http://www.mondovegan.it/	0	301	https://mondovegan.it/
http://www.montisolabarche.it	0	200	
http://www.motoclubceriano.it/pagine.asp?id=230	6		
http://www.morganamotel.com/	0	301	https://morganahotel.com/
http://www.movibus.it	0	301	https://movibus.it/
http://www.mplpasotti.it/	0	200	
http://www.muji.it	0	307	https://www.muji.it/
http://www.morettiacciai.com	0	301	https://morettiacciai.com/
http://www.mulinobeerbanti.it	0	301	https://www.mulinobeerbanti.it/
http://www.mulinofenotti.it/	6		
http://www.metra.it/	0	200	
http://www.multaridavide.it/	0	200	
http://www.museoresistenza.it/dove-siamo-3	0	301	https://www.museoresistenza.it/dove-siamo-3
http://www.museoarcheologico.valcamonicaromana.beniculturali.it/index.php?it/1/home	0	200	
http://www.musilrodengosaiano.it	0	301	http://www.musilbrescia.it/sedi/rodengo_saiano/
http://www.nashiargan.it	0	301	http://nashiargan.it/
http://www.naturasi.it/it/negozi/milano/milano/milano/0022489	0	301	https://www.naturasi.it/it/negozi/milano/milano/milano/0022489
http://www.myenglishschool.it/milano/	0	404	
http://www.newrockbrescia.it/	0	301	https://www.newrockbrescia.it/
http://www.navertino.it/	0	200	
http://www.nidaba.it/	0	301	https://www.nidaba.it/
http://www.nonsolocopiebovisa.it	6		
http://www.nonsolodolce.it	0	200	
http://www.mysticburger.com/	0	301	https://www.mysticburger.com/
http://www.notog.it	0	301	https://www.notog.it/
http://www.nirox.it/	0	200	
http://www.nottingham-forest.com	0	301	https://nottingham-forest.com/
http://www.novauto-varese.com/	0	200	
http://www.nowirgallery.com	0	301	https://www.nowirgallery.com/
http://www.nuovalibreriarinascita.it/	0	200	
http://www.nuovaterra.it/	0	301	https://www.nuovaterra.it/
http://www.mpmanagement.com	28		
http://www.nuovopalaghiacciomontichiari.it	6		
http://www.officineanalfabeta.it	6		
http://www.offroad-cafe.com	6		
http://www.obitel.it/	0	200	
http://www.omnicat.it/avsbrescia/	0	200	
http://www.omps.it	0	301	https://www.omps.it/
http://www.ombrellificiogottani.it/	0	200	
http://www.onoranzefunebricanegrate.it	0	301	https://www.onoranzefunebriala.it
http://www.onoranzefunebripinzi.it/	0	301	https://www.onoranzefunebripinzi.it/
http://www.operbacco.com/	6		
http://www.numeronovecomo.it/	0	301	https://www.numeronovecomo.it/
http://www.ortholab.it	0	200	
http://www.osculati.com	0	403	
http://www.oratoriogavardo.it	0	200	
http://www.ossimo.gov.it/pages/home.asp	6		
http://www.ostellodivallecamonica.com/it/	0	301	https://www.ostellodivallecamonica.com/it/
http://www.osteriadellangiolina.it/	0	200	
http://www.osteriadelgallo-como.it	0	404	
http://www.osteriadelquartino.it/	6		
http://www.onlycopy.net/	0	200	
http://www.osteriadiviamarconi.com/index.html	0	200	
http://www.osteriailmonastere.altervista.org/	6		
http://www.osteriadelmaistri.it/	0	301	https://www.osteriadelmaistri.it/
http://www.osterialossbuss.com	6		
http://www.osteriapietrarossa.it/	0	301	https://www.osteriapietrarossa.it/
http://www.osterialacolonna.it	0	200	
http://www.otticaantoniana.it/	0	302	https://www.otticaantoniana.com
http://www.otticavillani.it	6		
http://www.ottavonanobrescia.it/	0	302	https://www.facebook.com/LOttavoNanoBrescia
http://www.otticaantonioli.com/	0	301	https://www.otticaantonioli.com/
http://www.palazzomanzoni.com	0	200	
http://www.palestracento.it/	6		
http://www.palazzopignano.info	0	200	
http://www.palestrafuturagiussano.it	0	200	
http://www.palloncineria.com/	0	301	https://www.palloncineria.com/
http://www.palmarusso.it/	6		
http://www.paneberetta.it	0	301	https://www.paneberetta.it/
http://www.nucleokids.com	28		
http://www.panificiodacunto.it/	6		
http://www.palazzouggerifenaroli.it	0	301	https://www.palazzouggerifenaroli.it/
http://www.panetrita.it	0	301	https://www.panetrita.it/
http://www.parallelo43.it/	0	301	https://www.parallelo43.it/
http://www.parcoaltogarda.eu/	0	301	https://www.parcoaltogarda.eu/
http://www.paninidurini.it/	0	200	
http://www.parcoaltomilanese.it/	0	301	https://www.parcoaltomilanese.it/
http://www.parcobici.it	0	301	https://www.parcobici.it/
http://www.parcol.com/	0	308	https://www.parcol.com/
http://www.parcoarcheologico.massidicemmo.beniculturali.it/index.php?it/1/home	0	200	
http://www.parcoarcheologicocividate.valcamonicaromana.beniculturali.it/index.php?it/1/home	0	200	
http://www.parcolacarbonaia.it	0	200	
http://www.parcomontenetto.it/cms/	0	200	
http://www.palestre53.it/	0	200	
http://www.parrocchiacanegrate.it/pc/caritas/	0	301	https://www.parrocchiacanegrate.it/pc/caritas/
http://www.parrocchiacerromaggiore.com/CAPPUCCINI.HTM	0	301	https://www.parrocchiacerromaggiore.com/CAPPUCCINI.HTM
http://www.parrocchiavillanuovasulclisi.it	0	301	https://www.parrocchiavillanuovasulclisi.it/
http://www.parrocchiabagnolomella.it	0	200	
http://www.parrocchiabagnolomella.it/bar	0	301	http://www.parrocchiabagnolomella.it/bar/
http://www.parrocchiavillanuovasulclisi.it/	0	301	https://www.parrocchiavillanuovasulclisi.it/
http://www.pasticceriaghidoni.com/	0	301	https://www.pasticceriaghidoni.com/
http://www.pasticceriaformis.it/	0	200	
http://www.pasticceriacentrale.com/	0	200	
http://www.pasticceriaborno.it/	0	301	https://www.pasticcioborno.it/
http://www.peachpit.it/	0	200	
http://www.pensionesantangela.com	6		
http://www.pasticceriaroan.it	0	200	
http://www.pelliccenaoni.it/	0	200	
http://www.peterpanbb.it	6		
http://www.physioproject.it/it/	0	200	
http://www.piancogno.gov.it/pages/home.asp	6		
http://www.piazzaabbalareclame.it/	6		
http://www.photogroup.it	0	301	https://www.photogroup.it/
http://www.piccolaischia.it/pizzeria-via-morgagni-milano.php	0	403	
http://www.pdbustogarolfo.it/	0	301	https://www.pdbustogarolfo.it/
http://www.piazzole.org/home/base-scout-carvanno	0	301	https://www.piazzole.org/home/base-scout-carvanno
http://www.pievemitria.org/	0	200	
http://www.piscinadibarzano.it/Default.aspx	0	301	https://www.piscinadibarzano.it/Default.aspx
http://www.pisogne.gov.it/pages/home.asp	6		
http://www.pizzcami.it	0	301	https://www.pizzcami.it/
http://www.piccolohotelbagolino.it/	0	200	
http://www.pizzeria-paradise.it	6		
http://www.pizzeriabrema.com	6		
http://www.pizzeriadabenito.it	0	301	https://www.pizzeriadabenito.it/
http://www.peperinomilano.it	0	301	https://peperinomilano.it/
http://www.pizzeriailsogno.it	0	301	https://www.pizzeriailsogno.it/
http://www.pizzerialapapizza.it/	6		
http://www.pizzeriamarrossomilano.it	6		
http://www.pizzerialaghetto.com	0	200	
http://www.pizzium.com	0	301	https://www.pizzium.com/
http://www.pizzeriaincentro.com	0	301	https://www.pizzeriaincentro.com/
http://www.pontedilegnobeb.com/italiano/home.html	6		
http://www.plazadisco.it/	0	200	
http://www.portodidusano.com/	6		
http://www.prestine.gov.it/pages/home.asp	6		
http://www.pop-milano.it	0	200	
http://www.prolocotemu.net/	6		
http://www.pronobis-ristoro.it	6		
http://www.protezionecivileparatico.it	0	301	https://www.protezionecivileparatico.it/
http://www.procivcanegrate.it/	0	200	
http://www.puntostiro.com/	6		
http://www.quarenghi.eu/	6		
http://www.puntoerre.net/	0	301	http://gruppoliberini.it/
http://www.reginapacis-saronno.com/	6		
http://www.poliambulatoriotreesse.it	0	301	https://www.poliambulatoriotreesse.it/
http://www.rentaboatturati.com	0	200	
http://www.qverde.it/lavanderiadelcentro_gallery.asp?lavanderia=virgilio	0	200	
http://www.residencevicoidro.it	0	301	http://www.residencevicoidro.it/it
http://www.rexbibendi.it	0	200	
http://www.residence-elettra.it	0	301	https://www.residence-elettra.it/
http://www.rifugio-baitone.it	0	301	https://www.rifugio-baitone.it/
http://www.rifugioalpegranda.it	6		
http://www.rifugi-omg.org	0	200	
http://www.rifugiocimarest.it/	6		
http://www.rifugioloa.it/	6		
http://www.residenzialelamargherita.it/	0	200	
http://www.rifugioiseo.it/	0	200	
http://www.ristorante-da-anna.it	6		
http://www.rist-holland.com	0	200	
http://www.rifugioparafulmine.it	0	301	https://www.rifugioparafulmine.it/
http://www.ristorantealtrabotte.com/	0	301	https://www.ristorantealtrabotte.com/
http://www.ristorantearpegelagodigarda.com/	6		
http://www.ristorantealbergomotta.it/	0	200	
http://www.piscineairone.it	28		
http://www.ristorantecasino.com/	0	200	
http://www.ristoranteci.it	0	200	
http://www.ristorantebassu.it/	0	200	
http://www.ristoranteen.it	6		
http://www.ristorantecost.it	0	301	https://www.ristorantecost.it/
http://www.ristorantecome.it	0	301	https://www.ristorantecome.it/
http://www.ristorantefrate.it	0	301	https://www.ristorantefrate.it/
http://www.ristoranteilpomodorino.it	6		
http://www.ristoranteisorrentino.it/	0	301	http://www.ristoranteisorrentino.com
http://www.ristoranteimbarcadero.it	0	301	https://ristoranteimbarcadero1892.com/
http://www.ristoranteilcorallo.com	0	301	https://www.ristoranteilcorallo.com/
http://www.ristorantelaguardia.it	0	301	https://www.ristorantelaguardia.it/
http://www.ristorantealresu.it/	0	301	https://www.ristorantealresu.it/
http://www.ristorantelamazza.it/	0	200	
http://www.ristorantelemargherite.it	0	200	
http://www.ristoranteninfea.net	6		
http://www.ristorantemiravalle.it/	0	403	
http://www.ristorantepizzeriaairone.com/	6		
http://www.ristorantepizzeriacaecia.it/	6		
http://www.ristorantepizzerialaragosta.com/	6		
http://www.ristorantepizzerialerondinelle.it/	0	301	https://www.ristorantepizzerialerondinelle.it/
http://www.ristorantelarocchetta.it/	0	302	http://ristorantelarocchetta.it/it/
http://www.ristorantepizzeriasala.com	6		
http://www.ristorantepizzeriatramonti.it/	6		
http://www.ristoranterustichel.it/	6		
http://www.ristorantevalentino.eu	6		
http://www.ristoranteroyal.it/	0	301	https://www.ristoranteroyal.it/
http://www.ristorantevalentino.eu/Bar.html	6		
http://www.ristorantevecchiaosteria.it	6		
http://www.rivoltamilano.com	6		
http://www.rocawood.com	0	301	https://www.rocawood.com/
http://www.rodengosaiano.net/	6		
http://www.rodengosaiano.net/?q=node/68	6		
http://www.rolfiarredi.com/	0	301	https://www.rolfisrl.com/
http://www.roccolosanbernardo.it	0	200	
http://www.rosaselvatica.eu/	6		
http://www.rossi-rossi.it/	0	301	https://rossierossidesenzano.it/
http://www.rsaoasi.eu/	6		
http://www.rsavillamozart.it	0	302	https://www.netsons.com/pagina-cortesia/
http://www.ryori.it	0	301	https://www.ryori.it/
http://www.sachesghinghem.it/joomla/	0	301	https://www.sachesghinghem.it/joomla/
http://www.salemarasino.gov.it/pages/home.asp	6		
http://www.ristorantelabottegadeisapori.it/	0	301	https://ristorantelabottegadeisapori.it/
http://www.salsamenteria.eu	0	301	https://www.salsamenteria.eu/
http://www.sangiorgiosl.org/?channel=88&sezione=cittadino&sottosez=guida_servizi	0	302	http://www.comune.sangiorgiosulegnano.mi.it?channel=88&sezione=cittadino&sottosez=guida_servizi
http://www.sanitariafacchetti.it/	6		
http://www.santeriapaladini.it/	6		
http://www.santeustorgio.it/cappella_portinari.html	0	301	https://www.santeustorgio.it/cappella_portinari.html
http://www.salesianilombardiaemilia.it/it/dove-siamo/item/24-nave-bs.html	0	404	
http://www.romeosport.it	0	200	
http://www.sarezzo.eu/sarezzo_calchere_storia.htm	6		
http://www.santuariomadonnadellastella.it/	0	200	
http://www.sassiorafi.com	0	301	https://www.sassiorafi.com/
http://www.sartiranaarte.it/	0	301	https://www.sartiranaarte.it/
http://www.savioredelladamello.gov.it/pages/home.asp	6		
http://www.scalettedipio.com/	6		
http://www.ristorantepicastel.it/	28		
http://www.sapraceramiche.it/	0	200	
http://www.sciareda.it	0	301	https://www.sciareda.it/
http://www.scuolamaternaborgonato.wordpress.com/	0	301	http://scuolamaternaborgonato.wordpress.com/
http://www.scuolacasasangiuseppe.it/	0	301	http://www.scuolacasasangiuseppe.it/it/
http://www.scuolamaternagajo.it/	0	301	https://www.scuolamaternagajo.it/
http://www.scuolamaternagaribaldi.it/smg/	6		
http://www.scuolamediatravagliato.bs.it/	6		
http://www.scoutcodera.it/index.php/dove/basi-scout/la-centralina	0	301	https://www.scoutcodera.it/index.php/dove/basi-scout/la-centralina
http://www.scuolaprimopiano.it	0	301	https://www.scuolaprimopiano.it/
http://www.securpiai.it	0	200	
http://www.selfstyle.it	0	405	
http://www.sephora.it/beauty-store/LOMBARDIA/SEPHORA-MILANO-CORSO-VERCELLI/S7261	0	403	
http://www.sephora.it/beauty-store/LOMBARDIA/SEPHORA-MILANO-PIAZZA-ARGENTINA/S1561	0	403	
http://www.sephora.it/beauty-store/LOMBARDIA/SEPHORA-MILANO-VIA-DANTE/S1051	0	403	
http://www.sephora.it/beauty-store/LOMBARDIA/SEPHORA-MILANO-STAZIONE-CENTRALE/S7251	0	403	
http://www.scuolafenaroli.it/it/	0	301	http://scuolafenaroli.it/it/
http://www.sephora.it/beauty-store/LOMBARDIA/SEPHORA-MILANO-VITTORIO-EMANUELE/S6501	0	403	
http://www.sfida-italia.it	6		
http://www.senzatabu.com	0	301	https://www.senzatabu.com/
http://www.setificio.gov.it	6		
http://www.silvicar.it/	6		
http://www.sistemair.it	0	301	https://www.sistemair.it/
http://www.skorpioncenter.it	6		
http://www.sivartattoo.it	0	301	https://www.sivartattoo.it/
http://www.sloansquare.it/	0	301	https://www.sloansquare.it/
http://www.sottosopraloveshop.it	6		
http://www.siae.it/	0	302	https://www.siae.it/it
http://www.soundsrl.it	0	301	https://www.soundsrl.it/
http://www.spigolandia.cauto.it/	0	200	
http://www.spontinimilano.com/pizzerie/Milano-BICOCCA	0	301	https://spontinimilano.com/pizzerie/Milano-BICOCCA
http://www.sportfree.it/	0	200	
http://www.sracciai.com/	6		
http://www.stallino.it/	0	301	https://www.stallino.it/
http://www.stelviopark.bz.it/	0	301	https://www.nationalpark-stelvio.it/
http://www.studiodentisticolauricella.com/	6		
http://www.studiodossi.it/	0	200	
http://www.studioiumi.it/	0	301	https://www.studioiumi.it/
http://www.studiolegaledelfini.it	0	200	
http://www.studioradiologico.org	0	301	https://www.studioradiologico.org/
http://www.studioventimiglia.com	0	301	https://www.studioventimiglia.com/
http://www.simplymarket.it/pdv.php?id=1204	28		
http://www.sushi-one.net	0	301	https://www.sushi-one.net/
http://www.spedalicivili.brescia.it	28		
http://www.sushiacomo.it/	0	301	https://www.sushiacomo.it/
http://www.symposionclub.it	6		
http://www.tartaruga.com	0	405	
http://www.sushiyarestaurant.it/	0	301	https://www.sushiyarestaurant.it/
http://www.sportmax.com	28		
http://www.tavina.it/it/	0	301	https://www.tavina.it/it/
http://www.teatrocagnoni.it	0	200	
http://www.tennisgardonevt.com/	6		
http://www.thefork.it/ristorante/antichi-sapori-di-alberto-carleo/268945	0	403	
http://www.thesteakhousebraulio.com/home-eng.html	6		
http://www.teatronazionale.it	0	301	https://www.teatronazionale.it/
http://www.tiellecamp.it/	0	301	https://www.tiellecamp.it/
http://www.tortatelier.it/	0	301	https://www.tortatelier.it/
http://www.studiovercesi.net/	0	503	
http://www.tosimobili.it/	6		
http://www.toscanicasa.it	0	301	https://www.toscanicasa.it/
http://www.tourle.it/parabiago/	0	301	https://www.tourle.it/parabiago/
http://www.tramvai.net/i-nostri-locali/orzinuovi.html	6		
http://www.trattoriaalgrappolo.it/	6		
http://www.tradate.starplex.it/	0	302	https://www.webtic.it/#/shopping?action=loadLocal&localId=5421
http://www.trattoriaarcangelo.it/	0	301	https://www.trattoriaarcangelo.it/
http://www.trattoriabonzoni.it/	6		
http://www.trattoriacaprese.it/locali/monza/	0	404	
http://www.trattoriadatoto.it	6		
http://www.trattoriabussi.it/	0	301	https://www.trattoriabussi.it/
http://www.trattoriadelsolemonteisola.com/	0	200	
http://www.trattoriagenuisi.it/	6		
http://www.trattorialagheecernobbio.it/	0	301	https://www.trattorialagheecernobbio.it/
http://www.trattorialasostatoscolanomaderno.it/	6		
http://www.trattorialeone.it/	6		
http://www.trattorialongchang.it	0	301	https://www.trattorialongchang.com/
http://www.trattoriamarioemaria.altervista.org/	6		
http://www.trattoriamezzosoldo.com/	6		
http://www.trattoriamirta.it	0	301	https://www.trattoriamirta.it/
http://www.tonellispa.it/	0	301	https://www.tonellispa.it/
http://www.trattoriaportole.it/	6		
http://www.tsnbrescia.it/	0	301	https://www.tsnbrescia.it/
http://www.ttmontichiari.it/	0	200	
http://www.ugolini-bs.it/	0	301	https://www.ugolini-bs.it/
http://www.teatrotirinnanzilegnano.it/	28		
http://www.unionecomunibbo.it/	0	200	
http://www.upcyclecafe.it	0	301	https://www.upcyclecafe.it/
http://www.unionbatteryservice.it/ita/	0	404	
http://www.ur-cornici.it/	0	200	
http://www.vaillant.it	0	301	https://www.vaillant.it/
http://www.valledegliulivi.net/	6		
http://www.verabugatti.it/sul-gandhi-della-cava-di-botticino-tempus-edax-rerum/	0	301	https://www.verabugatti.it/sul-gandhi-della-cava-di-botticino-tempus-edax-rerum/
http://www.vallidisantantonio.it/	0	404	
http://www.vetrariapescini.it/#	0	302	https://vetrariapescini.it/
http://www.trattorialafiasca.it	28		
http://www.viadallaspigamilano.it/il-bistro/	0	200	
http://www.vibatex.net/	0	301	https://www.vibatex.net/
http://www.viboldone.com	0	301	http://viboldone.com/
http://www.vieulif.it/	0	308	https://www.vieulif.it/
http://www.travagliatomusica.com/	28		
http://www.villafeltrinelli.com	0	403	
http://www.villaggiodeitigli.it/	0	301	https://www.villaggiodeitigli.it/
http://www.villaluzzago.org	6		
http://www.veronagardoneprotestante.it/public/?Ueber_uns___Kirche_Gardone	0	301	https://www.veronagardoneprotestante.it/public/?Ueber_uns___Kirche_Gardone
http://www.villamilly.com/	6		
http://www.villangela.it/	6		
http://www.villamaria.tv/	0	200	
http://www.vinitorreggiani.it/la-villa/	0	200	
http://www.vintagejazzcomo.com	0	301	https://www.vintagejazzcomo.com/
http://www.vischioni.com/site/	0	404	
http://www.visitamilano.it	0	200	
http://www.yopizza.it/	6		
http://www.wienerhaus.com/	0	301	https://www.wienerhaus.it/
http://www.zampamano.it/amici-zampamano/chisiamo.html	0	301	https://www.zampamano.it/amici-zampamano/chisiamo.html
http://www.zampamano.it/agrizampamano/societa.html	0	301	https://www.zampamano.it/agrizampamano/societa.html
http://www.zanottiarredamenti.it/	0	301	https://www.zanottiarredamenti.it/
http://www.zaniviaggi.it	0	301	https://www.zaniviaggi.com/it/
http://www.zerointegrale-concesio.it/	6		
http://www.zone.gov.it/pages/home.asp	6		
http://xlabstudio.com/	0	200	
https://3da.it/bin/index.php	0	404	
https://acasagallery.wordpress.com	0	410	
https://activa-toyota.it/sedi/activa/	6		
https://aet80.it	0	301	https://www.aet80.it/
https://3lsarca.it/	0	200	
https://agobike.it/	0	301	https://www.agobike.it/
https://agenziaimmobiliarezeta.it/	0	301	https://dimoredimara.com/
https://agoracafesalo14.wixsite.com/agoratakeaway	0	404	
https://agriturismofiordipesco.it/	0	200	
https://aho-sushi.eatbu.com/	0	302	https://aho-sushi.eatbu.com/?lang=en
https://airbnb.com/	0	301	https://www.airbnb.com/
https://airbnb.com/h/vecchiamilano	0	301	https://www.airbnb.com/h/vecchiamilano
https://al-chiosco.jimdosite.com	0	403	
http://www.vigilfuoco.it/aspx/home.aspx	28		
https://al-poggio.com	0	200	
http://www.vigilfuoco.it/sitivvf/como	28		
https://alberodonte.wordpress.com/	0	200	
https://albertocreperiagelateria.business.site/	0	404	
https://albavillahotel.it	0	301	https://www.albavillahotel.it/
https://albavillahotel.it/lario	0	301	https://www.albavillahotel.it/lario
https://alfolzone.com/	6		
https://all.accor.com/hotel/A0Z4/index.en.shtml	0	200	
https://alicecasavacanza.altervista.org	0	200	
https://alpinicaravaggio.it	0	200	
https://alriose.com	0	302	https://www.alriose.com/en
https://all.accor.com/hotel/1140/index.it.shtml	0	410	
https://amatimilano.it	0	200	
https://amadeus-sirmione.com/	0	200	
https://amore.garda.rent	0	403	
https://amicimieilissone.it	0	200	
https://amunipizzeria.it	0	301	https://www.amunipizzeria.it/
https://amysushi.it/ristoranti/ristorante-amysushi-parabiago/	0	301	https://amysushi.it/ristoranti/ristorante-parabiago/
https://androsritualbarber.it/	0	200	
https://anticatrattoriadelponte.net/	0	200	
https://angolodellaserratura.com/	0	200	
https://ambienteacqua.it/baita-monte-pra/	0	301	https://www.ambienteacqua.it/baita-monte-pra/
https://aperivinobarenoteca.eatbu.com/?lang=en	0	200	
https://area-di-sosta-barristorante-il-casale.business.site/	0	404	
https://agust.it/	28		
https://apcpadel.it/	0	200	
https://archeopark.net/	0	200	
https://arialifehotel.com/	0	200	
https://arena14.it	0	200	
https://asfitalia.it	0	200	
https://armillaqualityfood.it/	0	200	
https://artisitaly.com/	0	200	
https://asppioncloud.it/	0	403	
https://assicurazionilollato.it/component/content/?view=featured	0	403	
https://aste.galleriasantagiulia.com	0	200	
https://athenainluce.eu	0	200	
https://atipicoofficial.it	60		
https://asst-spedalicivili.it/strutture/ospedale-montichiari	0	200	
https://armoniadellabellezza.com	0	200	
https://autolavaggioamt.it	6		
https://aulacdecomo.it/	0	301	https://aulacdecomo.it/de/
https://autoscuolaheida.it	0	200	
https://avisprovincialebrescia.it/	0	200	
https://autogaravaglia.com	0	301	https://www.autogaravaglia.com/
https://bagolinoinfo.it/chiesa-parrocchiale-san-giorgio-bagolino/	0	200	
https://bagolinoinfo.it/	0	200	
https://autoscuolelino.it	0	200	
https://balacchi.org/	35		
https://barshake.com/	0	403	
https://bagolinoinfo.it/chiesa-san-rocco-bagolino/	0	200	
https://beacons.ai/bufet_burger	0	403	
https://baronepizzini.it/	0	200	
https://bccbrescia.it/	0	301	https://www.bccbrescia.it/
https://beautyspaelis.it/	6		
https://beershowmilano.wixsite.com	0	404	
https://beatotemilano.it	0	200	
https://bblocusamoenus.it/	0	302	http://www.bblocusamoenus.it/
https://bellegrandi.com/	0	200	
https://bergomispa.net	0	301	https://www.bergomispa.net/
https://bellininautica.it/	0	200	
https://betravel.it	0	301	https://aciblueteam.it
https://bergamopadelclub.it	0	200	
https://bettonispa.it/portfolio/cava-di-montirone/	0	200	
https://bibliobanfi.it	0	200	
https://bergamasca.scientologymissions.org	0	200	
https://bibliobanfi.it/	0	200	
https://bfix.it	0	200	
https://bianchiosteopata.it/	0	200	
https://biblioseminariocremona.wordpress.com	0	200	
https://billytacos.it	0	301	https://www.billytacos.it/
https://biolavatualbiate.it/	6		
https://bistrotimbarcadero.it/	6		
https://biobioaziendaagricola.it/	0	103	
https://bike3lands.com/	0	103	
https://bitcoinpeople.it/	0	200	
https://bloomnet.org	0	200	
https://bnbtina.it/	0	403	
https://bongelosurgelati.jimdo.com/	35		
https://bluparcheggio.it	0	200	
https://borgopiovere.it/	0	200	
https://bornoskiarea.it/	0	200	
https://breezecomo.it	6		
https://brescia.arriva.it/	0	200	
https://bowlingvarese.it/	0	200	
https://bonardiarredamenti.it/	0	200	
https://brescia.ubiklibri.it/	0	301	https://www.ubiklibri.it/librerie/ubik-brescia
https://bowlingnerviano.it/	0	403	
https://brescia.ens.it/	0	200	
https://brescia.unicatt.it/	0	200	
https://bresciacalcio.it/	7		
https://bresciapc.com/	0	200	
https://brianzabiblioteche.it/library/Verano-Brianza/	0	403	
https://bulbspace.it/bulb-per-body-mind-brescia/	0	200	
https://brixiaforum.it	0	200	
https://bunburgers.com	0	200	
https://buonpalato.com/	0	200	
https://caibagolino.blogspot.com/	0	200	
https://bsfisiomed.com	0	200	
https://caimanerbio.wordpress.com/	0	200	
https://caimarone.wordpress.com/	0	200	
https://cafethai.it	0	200	
https://caivaltrompia.it/rifugio/	0	200	
https://caibovegno.it	0	200	
https://campeggioaurora.it/	0	403	
https://caivillacarcina.it/	0	200	
https://brescia.cfpcanossa.it/	28		
https://camperparksirmione.it/	0	200	
https://campeggiodellerose.com/	0	200	
https://camping-girasole.com/	0	301	https://camping-girasole.com/it/
https://campingedenpisogne.com/	0	200	
https://campingideal.eu/	0	200	
https://campingcittadiangera.it/	0	200	
https://campingitalia90.it/	0	302	https://campingitalia90.it/it/home-glamping/
https://campingghisallo.it/	0	200	
https://campinglafasana.com/	0	200	
https://campinglagodimonate.it/	0	200	
https://campingmolino.it/	0	200	
https://campingromantica.com/	0	200	
https://campingvela951916914.wordpress.com/	0	200	
https://campingrioferiengluck.com/	0	200	
https://camunacannabis.it	0	403	
https://campoverde-domaso.com/	0	200	
https://cantinecerresi.it	0	200	
https://campingquai.it/	0	200	
https://camunacavi.lappgroup.com	0	200	
https://cappuccini.it/	0	308	https://www.cappuccini.it/
https://campeggiolivigno.com/	28		
https://capetone.it/	0	200	
https://carrozzeriacarroccio.com/	0	301	https://www.carrozzeriacarroccio.com/
https://cartolandia-legnano-legnano.business.site	0	404	
https://cartoleriacolombocomo.it	6		
https://carrozzeriacherubinisnc.it/	0	200	
https://carlomagno.it/	0	200	
https://casadelparcoadamello.it/	0	200	
https://casa-web.it	0	200	
https://casadidio.eu/wp-content/uploads/2017/06/carta_servizi_RSA.pdf	0	200	
https://cantinemonchieri.it/	0	200	
https://cascinasantagnese.wordpress.com	0	200	
https://casadidio.eu	0	200	
https://centri.audionovaitalia.it/brescia/via-fratelli-ugoni-32bis.html	0	301	https://www.audionovaitalia.it/brescia/via-fratelli-ugoni-32bis
https://centri.audionovaitalia.it/brescia/via-guglielmo-marconi-27-b.html	0	301	https://www.audionovaitalia.it/brescia/via-guglielmo-marconi-27-b
https://ceky.it	0	200	
https://centroarcitom.wixsite.com	0	404	
https://centrobelforte.it	0	200	
https://casavacanzebovegno.com/casa-ludizzo/	0	200	
https://centrobrembate.it	0	200	
https://centromedico-besana.it	0	301	https://www.centromedico-besana.it/
https://cerlettiinktattoo.it/	0	200	
https://checchicafe.com/	0	200	
https://check-point.it/it/FS/IT/default.aspx	0	404	
https://check-point.it/	0	301	https://check-point-store.it/
https://choruslife.com/it/areas/arena	0	200	
https://centroolisticobrescia.it/	0	200	
https://cinemaome.com/	6		
https://cinifabrique.it/	0	301	https://www.cinifabrique.it/
https://circolosempreavanti.org/	0	200	
https://cimeriduttori.com/	0	200	
https://cislbrescia.it/sedi/lumezzane-2/	0	200	
https://claudiolugli.it/wp/	0	200	
https://chieseitaliane.chiesacattolica.it/chieseitaliane/AccessoEsterno.do?mode=guest&type=auto&code=89034	0	200	
https://club-cornoccoli-hills-da-paito.business.site/	0	404	
https://coffeevanilla.eatbu.com	0	302	https://coffeevanilla.eatbu.com/?lang=en
https://comerbrescia.it/	0	200	
https://clockbeats.com	0	200	
https://clinica-iphone.com	0	200	
https://comune.calvenzano.bg.it/vivere-il-comune/luoghi/biblioteca-comuinale/	0	200	
https://comune.castelleone.cr.it/vivere-il-comune/luoghi/biblioteca-civica-virgilio-brocchi/	0	200	
https://comune.castelleone.cr.it/vivere-il-comune/luoghi/museo-civico/	0	200	
https://cascinamaggia.it/	28		
https://como2.tecnocasa.it/como/monte-olimpino	0	404	
https://comune.germignaga.va.it/it-it/vivere-il-comune/cosa-vedere/la-colonia-elioterapica-56184-1-20ba37ad8a3d6d59ff34990c9b445719	0	200	
https://comune.castegnato.bs.it/	0	200	
https://comune.magenta.mi.it/luogo/biblioteca-comunale-oriana-fallaci/	0	200	
https://comune.gottolengo.bs.it/it	0	200	
https://comune.grumellocremoneseeduniti.cr.it	0	200	
https://comune.ospitaletto.bs.it/	0	301	https://www.comune.ospitaletto.bs.it/
https://comune.castenedolo.bs.it/	0	200	
https://comune.sarezzo.bs.it/web/index.php	0	404	
https://comune.vignate.mi.it/uffici/polizia-locale/	0	301	https://comune.vignate.mi.it/amministrazione/unita-organizzativa/settore-polizia-locale-protezione-civile/polizia-locale-protezione-civile/
https://comune.prevalle.bs.it/	0	200	
https://comune.rudiano.bs.it/	0	200	
https://conad.it	0	301	https://www.conad.it/
https://comunitamamre.it/index_dettagli.php?get_id=481	0	404	
https://consbs.it/	0	301	https://www.consbs.it/
https://contadinobrescia.it/bottega-contadino-brescia/	0	403	
https://comune.trigolo.cr.it/	0	200	
https://contrappunto.weebly.com/	0	200	
https://contessascopemounts.com/	0	200	
https://consorzioagrariolombardo.it/sedi/bergamo/brignano/	0	200	
https://convento.it/	0	200	
https://copigraf.net	0	301	https://www.copigraf.net/
https://copagri.org	0	200	
https://cooperativafarmaceuticabergamasca.it/farmacie/farmacia-ruspini/	0	200	
https://cosi-come.it	0	200	
https://cortemedagliedoro.it/	0	200	
https://cpf80.jimdofree.com/	0	403	
https://crafnm.fnmgroup.it/	0	301	https://www.fnmgroup.it
https://crazycomicsandgames.it	0	301	https://www.crazycomicsandgames.it/
https://crd.co.it	0	301	https://crd.co.it/site/
https://crema1.kiron.it/it	0	200	
https://creditocooperativo.it/	0	200	
https://consorzioagrariolombardo.it/sedi/bergamo/lallio/	0	200	
https://curtense.it	0	403	
https://cortefenilazzo.it/	0	200	
https://daluigino.com	0	200	
https://danisoft.software/	0	302	https://www.danisoft.software/
https://crystalnailsbrescia.it	0	200	
https://degliabbati.mastromichelin.it/	0	404	
https://cultura.gov.it/luogo/civico-museo-archeologico-di-villa-mirabello	0	200	
https://dealer.moto.it/contimoto	0	403	
https://cyclingarda.it	0	200	
https://delaisergio.it/	0	200	
https://diagnosticasanmartino.it/	0	200	
https://digilander.libero.it/Il_Borgo_Mozzanica/?fbclid=PAY2xjawI-FvxleHRuA2FlbQIxMQABprc9AlCYOWoahs5C3I3BIiiUO84WuSSijqqNQPvTqZ4_n9h-fvFuk47auQ_aem_EQqLKYf7bP4Ysn0zsqO_dA	0	200	
https://dieciarteciboemusica.com	0	500	
https://discoveringbellano.eu/it/orrido-di-bellano	0	301	https://www.discoveringbellano.eu/it/orrido-di-bellano/
https://doppiozero-pizzadeliveryservice.business.site/	0	404	
https://dpv.business.site	0	404	
https://dueottouno-pizza-verace-napoletana.business.site	0	404	
https://dossoaltomaniva.it/	0	200	
https://dossoaltomaniva.it/ristorazione/pizzeria-cielo-alto/	0	200	
https://domasocamping.com/	0	200	
https://emvstudio.it	6		
https://easyvillagerestaurant.it	0	301	https://www.easyvillagerestaurant.it/
https://edolo.lavapiu.it/	0	200	
https://enotema.business.site/	0	404	
https://ecomuseobotticino.eu/grotta-bus-del-fra/	0	301	https://ecomuseobotticino.eu/grotta-bus-del-fra-prevalle/
https://energievalsabbia.it/	0	200	
https://enricorizzi.com/	0	103	
https://ermannogabusi.it	0	200	
https://entraincontatto.deutsche-bank.it/filiali/ALL/Lombardia/Brescia	0	200	
https://erraceramica.com	0	200	
https://ersaf.lombardia.it	0	301	https://www.ersaf.lombardia.it/
https://escursionismo360.blogspot.com/2015/06/monte-pizzocolo-sentiero-alpinistico.htm	0	200	
https://escursionismo360.blogspot.com/2015/06/monte-pizzocolo-sentiero-alpinistico.html	0	200	
https://entemoralesvo.it/scuola-primaria/	0	200	
https://entemoralesvo.it/scuola-secondaria/	0	200	
https://europa2000assistance.jimdofree.com/	0	403	
https://fabbris-davide-c-snc.business.site	0	404	
https://facebook.com/tarayogavarese/	0	301	https://www.facebook.com/tarayogavarese/
https://famigliaolivini.com/de/	0	301	https://www.famigliaolivini.com/de/
https://farmacia-formenti.business.site	0	404	
https://europa-sporting.it/	0	200	
https://farmaciachiesanuovasnc.business.site	0	404	
https://famlifestyle.it/	0	200	
https://farmaciadonbosco.webnode.it	0	200	
https://fasanella.it	0	200	
https://fasp.it/	0	200	
https://fdicanegratecerroparabiago.wordpress.com/	0	200	
https://ferraboli.it/	0	500	
https://farmaciamandelli.it	0	200	
https://errenne.it	0	200	
https://fiorearte.it/	6		
https://fibra1.it/	0	200	
https://fineco.it/	0	301	https://it.finecobank.com/
https://fondazionefasani.jimdofree.com	0	403	
https://fitactive.it/i-club/varese.php	0	200	
https://fobap.it/	0	200	
https://ferrarivini.it	0	200	
https://fondazionemanziana.it/index.php/scuola-primaria/	0	200	
https://fondazionemanziana.it/index.php/scuola-dellinfanzia/	0	200	
https://fondazionemanziana.it/index.php/secondaria-di-i-grado/	0	200	
https://fornoantico.eatbu.com	0	302	https://fornoantico.eatbu.com/?lang=en
https://fondoambiente.it/luoghi/chiesa-san-pietro-in-lucone	0	200	
https://fontanadivani.it/	0	200	
https://fotoconte.rikorda.it	0	200	
https://foyer-srl.eatbu.com/?lang=it	0	200	
https://fondoambiente.it/luoghi/castello-dei-conti-di-lodrone?ldc	0	200	
https://fraluca.it	0	301	https://www.fraluca.it
https://fumagallipasticceria.com/	0	103	
https://fumagallipasticceria.com	0	103	
https://francescabysottini.it/	0	200	
https://furycage.it/	0	200	
https://garda.tel	0	302	HTTPS://greenfiber.it
https://gallinari.it	0	200	
https://gardone.asst-spedalicivili.it/servizi/notizie/notizie_homepage.aspx	6		
https://gasparinionline.it/	0	200	
https://gardentoppi.it	0	200	
https://gardavillage.it/	0	200	
https://gaycristiani.wordpress.com/	0	200	
https://gelaterialapecoranera.it	0	200	
https://geromino.it	0	200	
https://gelateriadelbiondo.it/	0	302	./en/
https://giacomomilano.com/it/i-luoghi/caffe-letterari/giacomo-caffe-milano	0	200	
https://gersrodengosaiano.wixsite.com/gers	0	200	
https://giacomelliaguzzi.it/	0	200	
https://gianvargian.com/	0	200	
https://giglionavazzo.com/	0	403	
https://gioielleriaribola.it/	6		
https://giuntialpunto.it/pages/libreria/rescaldina-mi-70166name=Giunti al Punto	3		
https://giangisbike.it/	0	200	
https://giangusto.it	0	200	
https://gattalegno.com/	0	200	
https://goldenhill.international/	0	200	
https://gruppotavola.com/caciara-page	0	404	
https://grittielettrotecnica.it/	0	200	
https://gscimpianti.it/	6		
https://guide.in.ua/business/21201367/capricci-di-gola-di-campagnola-roberto-e-c-s-n-c-sirmione	0	403	
https://godocastellanza.it/castellanza	0	404	
https://gtstignale.it/	0	200	
https://gvpcprotezionecivi.wixsite.com/franciacorta	0	200	
https://headbangerspub.com	0	200	
https://hempembassy.it	0	200	
https://hellergarden.com/	0	301	https://www.hellergarden.com/
https://hostarialacosta.it	0	200	
https://hotel-legnano.business.site	0	404	
https://grafichetumminello.com	0	301	https://grafichetumminello.com/ln/
https://hotelaquavite.com/	7		
https://hotelaugustalimone.com	0	200	
https://hack.bs.it/	0	502	
https://hi-luino.com	0	200	
https://hotelastra.it/	0	200	
https://hotelbagner.com	0	200	
https://hotelmayerdesenzano.com/	0	301	https://www.hotelmayerdesenzano.com/
https://hotellarondine.com/	0	200	
https://hotelpiroscafo.it	0	200	
https://hotelriel.com	0	301	https://www.hotelriel.com/
https://i-romano.eatbu.com	0	302	https://i-romano.eatbu.com/?lang=en
https://hotelzorzi.com/	0	200	
https://icbariano.edu.it/luogo/via-piave-11/	0	410	
https://icbariano.edu.it/luogo/via-armando-diaz-9/	0	410	
https://icdesenzano2.edu.it	0	410	
https://icciserano.edu.it/secondaria-di-ciserano	0	200	
https://icgromo.edu.it/luogo/piazza-don-tiraboschi-1/	0	410	
https://hotelmiramarsirmione.com	0	200	
https://icmozzanica.edu.it/luogo/scuola-secondaria-i-grado-di-fornovo-san-giovanni/	0	410	
https://icmozzanica.edu.it/luogo/p-zza-san-giovanni-3/	0	410	
https://iconaaestheticlounge.it/	6		
https://hotelgirasole2000.it	0	301	https://www.hotelgirasole2000.it/
https://icopera.edu.it/la-scuola/i-luoghi/51-primaria-flli-cervi	0	200	
https://icscassago.edu.it/struttura/s-pini-cassago-brianza/	0	410	
https://icscassago.edu.it/struttura/visconti-di-modrone-cassago/	0	410	
https://ideagency.it/	0	200	
https://igluceramiche.it	0	200	
https://il-giardino-cairate.eatbu.com	0	302	https://il-giardino-cairate.eatbu.com/?lang=en
https://il-porticone.business.site/	0	404	
https://ilariacazzaniga.it	0	301	https://www.ilariacazzaniga.it/
https://il-sapore-della-grecia.eatbu.com	0	302	https://il-sapore-della-grecia.eatbu.com/?lang=en
https://ilcastelliereaicap.jimdo.com/	35		
https://ilcovodeiranocchi.my.canva.site/	0	200	
https://ilcasottino.it	0	200	
https://illeonedilonato.klepierre.it/?utm_campaign=presence_management&utm_medium=organic&utm_source=partoo	0	200	
https://ilmec.com/	0	200	
https://ilmieledileo.com	0	200	
https://illidoiseo.it/	0	200	
https://ilovepoke.it/i-love-poke-rubattino/	0	200	
https://ilpanedeivolonte.com	0	200	
https://iltorrazzo.net	6		
https://ilpiratadellapiada.com	0	200	
https://infanziacomenduno.it	0	200	
https://inpost.it/	0	403	
https://infogest.pro	0	200	
https://intertes.it/it	0	200	
https://ipratico.com	0	301	https://www.ipratico.com/
https://istanbulkebaplissone.it	0	403	
https://isbrescia.com/	0	200	
https://istitutocomprensivoborgosatollo.edu.it	0	410	
https://istitutogiglirovato.edu.it	6		
https://icrinaldinisud3.edu.it/primaria-canossi	28		
https://icrinaldinisud3.edu.it/secondaria-bettinzoli	28		
https://it-it.facebook.com/FontanaBuna/	0	200	
https://it-it.facebook.com/DeLauraMaggi/	0	200	
https://it-it.facebook.com/agriturismo.alsoldadi/	0	302	https://it-it.facebook.com/login/?next=https%3A%2F%2Fit-it.facebook.com%2Fagriturismo.alsoldadi%2F
https://it-it.facebook.com/ParcoDegliOrsi/	0	200	
https://it-it.facebook.com/agriturismopiccoledolomiti/	0	302	https://it-it.facebook.com/login/?next=https%3A%2F%2Fit-it.facebook.com%2Fagriturismopiccoledolomiti%2F
https://it-it.facebook.com/agriturismolavallecaregno/	0	200	
https://it-it.facebook.com/kosmoorzinuovi/	0	200	
https://it-it.facebook.com/rifugiomine/	0	200	
https://it-it.facebook.com/pratidironcogavardo/	0	200	
https://it-it.facebook.com/sacroetprofano/	0	200	
https://it.venchi.com/venchi-cioccolato-e-gelato-milano-cadorna	0	403	
https://it.casashops.com/it/	0	302	https://be.casashops.com/
https://it.automation.camozzi.com/	0	200	
https://it.wikiloc.com/percorsi-alpinismo/cima-lesena-178002942/photo-110822269	0	403	
https://izakaya.eatbu.com	0	302	https://izakaya.eatbu.com/?lang=en
https://it.yamaha-motor.eu/concessionari/motosalone-crea	0	200	
https://joellebrescia.com	0	200	
https://joint-research-centre.ec.europa.eu/laboratories-and-facilities/eu-interoperability-centre-electric-vehicles-and-smart-grids_en	0	301	https://joint-research-centre.ec.europa.eu/laboratories-z/eu-interoperability-centre-electric-vehicles-and-smart-grids_en
https://iviaggiastorie.wixsite.com/viaggiastorie	0	200	
https://itownapp.it/	0	200	
https://julipet.it	0	103	
https://kappaduedalmine.it	0	404	
https://kaki.life/	0	200	
https://kazanmilano.it	6		
https://kebhouze.com/	0	200	
https://kindaisushi.it	6		
https://kkaiseki.it/k-kaiseki-castellanza/	0	200	
https://jollymarket.net	0	200	
https://jollymarket.net/negozietto/	0	200	
https://kelit.it/	0	200	
https://laboratoriopietropisa.unibs.it/	0	200	
https://laba.edu/it	0	404	
https://labottegadellecialde-cafe.business.site/	0	404	
https://labuonanottemantova.wordpress.com/	0	200	
https://kosmodesign.it	0	200	
https://laconchigliadilegnano.eatbu.com/	0	302	https://laconchigliadilegnano.eatbu.com/?lang=en
https://laborsettara.com	0	200	
https://lafarcita.com	0	200	
https://laconfetteria-luino.it	0	200	
https://lafarmacia.it/	0	302	https://www.lafarmacia.it/
https://lafioritafranciacorta.com/	0	200	
https://labrasaosteria.com/	0	200	
https://laltrataverna.com	0	200	
https://lafocerestaurant.com/	0	200	
https://lapiadineria.com/i-nostri-ristoranti/como-garibaldi	0	403	
https://lampo.eu/	60		
https://lapiadineria.com/i-nostri-ristoranti/rescaldina-auchan	0	403	
https://lamarenaaicampiani.it/	0	200	
https://laposteriavarese.it	0	301	https://laposteria.it/
https://lapizzeriamadeinitaly.it	60		
https://larioludens.it/	0	200	
https://lariomotorsport.it/	0	200	
https://latanadeglielfi.wordpress.com/	0	410	
https://latanadelgufo.it/	6		
https://lattoneriavalenza.it	0	200	
https://lazangola.info/	0	200	
https://laruerverda.it/	0	200	
https://legnano.ubiklibri.it	0	301	https://www.ubiklibri.it/librerie/ubik-legnano
https://lexus-brescia.it/dealers/37686FBD-9DD4-4A5A-89B4-8CEA898129FD	6		
https://legendcar.it	0	200	
https://lefavoledialice.it	0	200	
https://lidodellebionde.it/	0	200	
https://lacascinadeisapori.it	28		
https://liceoarnaldo.it/	0	200	
https://littlelambsarpi.superbexperience.com/	0	200	
https://liutaiomuzio.com	0	200	
https://linfamilano.com	0	200	
https://liceoluzzago.it/	0	200	
https://linktr.ee/oasifortuna	0	200	
https://locandapescatoresirmione.it	0	403	
https://lockinside.com/	0	200	
https://lockeritalia.com/	0	200	
https://lombardia.abbonamentomusei.it/Musei/PARCO-ARCHEOLOGICO-DEL-SANTUARIO-DI-MINERVA	0	301	https://abbonamentomusei.it/Musei/PARCO-ARCHEOLOGICO-DEL-SANTUARIO-DI-MINERVA
https://lombardia.agenziaentrate.it/?id=uff&iduff=T9G&codereg=904&iduffreg=TMR	60		
https://locandabarbarossa.it/	6		
https://locandagaver.it/	0	200	
https://longsongbooks.com	0	200	
https://m.facebook.com/RistorantePizzeriaTovo	0	302	https://m.facebook.com/login.php?next=https%3A%2F%2Fm.facebook.com%2FRistorantePizzeriaTovo&refsrc=deprecated&_rdr
https://lovelakegarda.net/	0	200	
https://m.facebook.com/VogueByMarco/?locale2=it_IT	0	302	https://m.facebook.com/login.php?next=https%3A%2F%2Fm.facebook.com%2FVogueByMarco%2F%3Flocale2%3Dit_IT&refsrc=deprecated&locale2=it_IT&_rdr
https://m.facebook.com/Zcarservicegommista	0	302	https://m.facebook.com/login.php?next=https%3A%2F%2Fm.facebook.com%2FZcarservicegommista&refsrc=deprecated&_rdr
https://magazzinococktailbistrot.eatbu.com	0	302	https://magazzinococktailbistrot.eatbu.com/?lang=en
https://maison-du-lac.lombardytophotels.com/en/	0	301	https://www.lombardytophotels.com/en/
https://loro750.it	0	200	
https://makita.it	0	301	https://www.makita.it/
https://madisonbrescia.com/	0	200	
https://maggiespark.it	0	200	
https://marella.com/store/0114007	0	301	https://www.marella.com/store/0114007
https://massettisnc.it/	0	302	https://www.massettisnc.it/
https://manestrini.it/	0	200	
https://mandacaru.info/	0	200	
https://matisse-acconciature.business.site	0	404	
https://maxfactory.eu/	0	200	
https://maxifit.it/	0	200	
https://mbazar.it/	0	200	
https://mdbelectronics.it/	0	200	
https://mega.qromo.it	0	200	
https://melplast2.com/	0	200	
https://mercatoperbacco.business.site/	0	404	
https://meteopassione.com/stazioni/punta-del-venerocolo	0	200	
https://meteopassione.com/stazioni/monte-pizzocolo	0	200	
https://milan.museodelleillusioni.it	0	301	https://moimilano.it
https://milano.balloonmuseum.world/it/	0	403	
https://mandoefiglicarnihalal.com	0	200	
https://milano-bk.mfa.gov.tr	0	302	/Mission
https://mecappalini.it/	0	200	
https://milano7.kiron.it	0	301	http://milano7.kiron.it/it
https://minoiagomme.euromaster-pneumatici.it	0	200	
https://mipu.it/	0	302	https://mipu.eu
https://milano37.tecnocasa.it/milano/corso-xxii-marzo-porta-vittoria-piazza-emilia/	0	301	https://milano37.tecnocasa.it/milano/xxii-marzo-dateo/
https://misslin.it/	6		
https://miraclestore.it/	0	200	
https://millydolciesalati.it	0	200	
https://mobilificiobertoli.it/	0	200	
https://miteknerviano.it	0	200	
https://mokasol.coffee/	0	200	
https://montebello.klepierre.it/	6		
https://minicarmanelli.it/	0	200	
https://mormon.org/	0	301	https://www.churchofjesuschrist.org/comeuntochrist
https://monade.io	0	200	
https://morushotelristorante.com/	0	301	https://www.morushotelristorante.com/
https://motorcenterpaderno.business.site/	0	404	
https://mr-j-vertemate-con-minoprio.eatbu.com	0	302	https://mr-j-vertemate-con-minoprio.eatbu.com/?lang=en
https://moschella.shop	0	200	
https://muhack.org/	0	200	
https://mrsharris.it/	0	103	
https://musei.lombardia.beniculturali.it/musei/castello-scaligero-di-sirmione/	0	301	https://museilombardia.cultura.gov.it/musei/castello-scaligero-di-sirmione/
https://musei.lombardia.beniculturali.it/musei/grotte-di-catullo-e-museo-archeologico-di-sirmione/	0	301	https://museilombardia.cultura.gov.it/musei/grotte-di-catullo-e-museo-archeologico-di-sirmione/
https://mobilscaff.eu/	0	200	
https://musei.lombardia.beniculturali.it/musei/villa-romana/	0	301	https://museilombardia.cultura.gov.it/musei/villa-romana/
https://mybulb.it/	0	301	https://bulbspace.it/
https://muarc.it/	0	200	
https://museosanteustorgio.it	0	301	https://www.museosanteustorgio.it/
https://nagoyabrescia.it/	0	301	https://nagoyax.it/
https://mylakecomo.co/en/attractions/villa-maria/	0	200	
https://nardiedilizia.it	0	200	
https://nagoyax.it/nagoya-x-triumplina/	0	404	
https://nagoyax.it/ristorante-sushi-castegnato/	0	200	
https://nauticacarlo.it/	0	301	https://www.nauticacarlo.it/
https://naturooms.com/natur-air-suite	0	200	
https://napules.it/	0	200	
https://naturalraja.it	0	200	
https://negozi.arcaplanet.it/lombardia/bs/brescia-via-triumplina-43/d	0	301	/lombardia/bs/brescia-via-triumplina-43/d-v1
https://neat-burger.it/	0	200	
https://negozi.libraccio.it/negozi/milano/libraccio-arconati	0	200	
https://negozi.libraccio.it/negozi/tradate/libraccio-tradate	0	200	
https://negozi.iperbimbo.it/monza/	0	200	
https://negozi.libraccio.it/negozi/varese/libraccio-varese	0	200	
https://negozi.naturasi.it/italia/brescia/desenzano-del-garda	6		
https://navigazionelagoiseo.it/	0	301	https://www.navigazionelagoiseo.it/
https://negozi.tigota.it/5628-tradate	0	301	https://www.tigota.it/negozi/028642
https://negozi.tigota.it/15280-samarate	0	301	https://www.tigota.it/negozi/028963
https://negozi.tigota.it/it/5947-bagnolo-mella	0	301	http://www.tigota.it/negozi/
https://negozi.pittarosso.com/lombardia/provincia-di-varese/varese/pittarosso-varese-108	0	200	
https://nonlasolitavineria.superbexperience.com/	0	200	
https://newgenerationhostel.com/hostel/milan-center-navigli	0	200	
https://neravini.com	0	200	
https://nordautoalbertini.it/	0	200	
https://novacolorvarese.it	0	200	
https://norvetservicecalftel.it	0	200	
https://odosgroup.it/centri/centro-commerciale-dei-laghi/	0	200	
https://officinadellacialda.it/cialde-caffe-capsule-compatibili-officina-cialda-brescia-borno	0	404	
https://odosgroup.it/centri/centro-commerciale-la-fornace/	0	301	https://odosgroup.it/centri/la-fornace-jesi/
https://officineminelli.it/	0	200	
https://nouvelleviebrescia.it	0	200	
https://oldofrediresidence.it	0	200	
https://oldpaintingsonline.com	0	301	https://www.oldpaintingsonline.com/
https://oleariacaldera.com/	0	200	
https://nice-to.com/	0	200	
https://omcb.it/	0	307	https://www.omcb.it/
https://oishisushi.it	0	200	
https://onoranzefunebriarchetti.it/casa-funeraria	0	403	
https://ondabluresort.it/	0	200	
https://ontano.net/	0	200	
https://opac.provincia.brescia.it/library/-BARBARIGA/	0	200	
https://opac.provincia.brescia.it/library/BAGNOLO-MELLA/	0	200	
https://opac.provincia.brescia.it/library/BAGOLINO/	0	200	
https://opac.provincia.brescia.it/library/BOTTICINO/	0	200	
https://olympiapadel.it/	0	200	
https://opac.provincia.brescia.it/library/CAINO/	0	200	
https://opac.provincia.brescia.it/library/CASTENEDOLO/	0	200	
https://opac.provincia.brescia.it/library/CIGOLE/	0	200	
https://opac.provincia.brescia.it/library/COLOGNE/	0	200	
https://opac.provincia.brescia.it/library/COLLEBEATO/	0	200	
https://opac.provincia.brescia.it/library/AZZANO-MELLA/	0	200	
https://opac.provincia.brescia.it/library/Castegnato	0	200	
https://opac.provincia.brescia.it/library/DELLO/	0	200	
https://opac.provincia.brescia.it/library/GARGNANO/	0	200	
https://opac.provincia.brescia.it/library/GAVARDO/	0	200	
https://opac.provincia.brescia.it/library/GHEDI/	0	200	
https://opac.provincia.brescia.it/library/ISORELLA/	0	200	
https://opac.provincia.brescia.it/library/LIMONE-SUL-GARDA/	0	200	
https://opac.provincia.brescia.it/library/LENO/	0	200	
https://opac.provincia.brescia.it/library/LONATO-D-G/	0	200	
https://opac.provincia.brescia.it/library/NAVE/	0	200	
https://opac.provincia.brescia.it/library/PREVALLE/	0	404	
https://opac.provincia.brescia.it/library/SAN-ZENO-NAVIGLIO/	0	200	
https://opac.provincia.brescia.it/library/REZZATO/	0	200	
https://opac.provincia.brescia.it/library/OME/	0	200	
https://opac.provincia.brescia.it/library/PROVAGLIO-D-ISEO/	0	200	
https://opac.provincia.brescia.it/library/VILLA-CARCINA/	0	200	
https://opac.provincia.brescia.it/library/VOBARNO/	0	200	
https://opac.provincia.brescia.it/library/biblioteca-comunale-di-marone-m-giacomo-felappi/	0	301	/library/biblioteca-di-marone/
https://opac.provincia.brescia.it/library/ZONE/	0	200	
https://opac.provincia.brescia.it/library/SULZANO/	0	200	
https://opac.provincia.brescia.it/library/biblioteca-di-calvagese-della-riviera/	0	200	
https://opac.provincia.brescia.it/library/biblioteca-di-borno/	0	200	
https://opac.provincia.brescia.it/library/biblioteca-di-edolo/	0	200	
https://opac.provincia.brescia.it/library/biblioteca-di-lograto/	0	200	
https://opac.provincia.brescia.it/library/biblioteca-di-passirano/	0	200	
https://opac.provincia.brescia.it/library/biblioteca-di-manerbio/	0	200	
https://opac.provincia.brescia.it/library/biblioteca-di-travagliato/	0	301	/library/travagliato/
https://opac.provincia.brescia.it/library/biblioteca-di-roncadelle/	0	200	
https://opac.provincia.brescia.it/library/biblioteca-san-polo-parco-dei-libri/	0	200	
https://opac.provincia.brescia.it/library/biblioteca-v-ghetti/	0	200	
https://opac.provincia.brescia.it/library/bovezzo/	0	200	
https://opac.provincia.brescia.it/library/chiari/	0	200	
https://opac.provincia.brescia.it/library/chiari/sala-studio-giovanni-falcone-e-paolo-borsellino/	0	200	
https://opac.provincia.brescia.it/library/flero	0	200	
https://opac.provincia.brescia.it/library/montichiari/	0	200	
https://opac.provincia.brescia.it/library/largo-torrelunga/	0	200	
https://opac.provincia.brescia.it/library/parco-gallo/	0	200	
https://opac.provincia.brescia.it/library/ospitaletto/	0	200	
https://opac.provincia.brescia.it/library/queriniana/	0	200	
https://opac.provincia.brescia.it/library/rovato/	0	200	
https://opac.provincia.brescia.it/library/sala-di-lettura-umberto-eco	0	200	
https://opac.provincia.brescia.it/library/san-polo/	0	200	
https://opac.provincia.brescia.it/library/verolanuova/	0	301	/library/biblioteca-di-verolanuova/
https://opac.provincia.brescia.it/library/biblioteca-di-rodengo-saiano/	0	200	
https://opac.provincia.brescia.it/library/sereno/	0	200	
https://oratoricmc.it/	60		
https://open-one.it/	0	200	
https://opheliafranciacorta.com/	0	200	
https://oratoriosangio.altervista.org/	0	200	
https://oro-style.business.site/	0	404	
https://opticavision.it/	0	200	
https://orozecchino.net	6		
https://orofacile.it/	0	200	
https://order.ristorantehaveli.com	0	200	
https://osteria-gatto-doro.business.site/	0	404	
https://pandoragroup.com/careers/pandora-in-your-region/italy	0	302	/sitecore/service/notfound.aspx?item=%2fcareers%2fpandora-in-your-region%2fitaly&user=extranet%5cAnonymous&site=website
https://panfe.it/negozi/paullo-via-santa-maria-mazzarello/	0	301	https://www.panfe.it/negozi/paullo-via-santa-maria-mazzarello/
https://panificiopiubeni.it	0	200	
https://paolovi.it/	0	301	https://www.paolovi.it/
https://park-cafe-bar.business.site/	0	404	
https://parrucchiere-e-estetica-lidia.business.site/	0	404	
https://partitodemocraticogallarate.blogspot.com	0	200	
https://palestrangfitness.it	0	200	
https://pasticceriagamba.it/	0	200	
https://pasticceriaaida.eatbu.com	0	302	https://pasticceriaaida.eatbu.com/?lang=en
https://pasticceriadelduca.it	0	301	https://www.pasticceriadelduca.it/
https://pasticcerialefontane.altervista.org/	0	200	
https://pasticceriapaoloriva.it/pasticceria-treviglio/	0	200	
https://pdcanegrate.wordpress.com/	0	200	
https://osnoi.org/	0	200	
https://pasticceriavittoria.it	0	200	
https://piccolocinemaparadiso.wordpress.com	0	200	
https://perletti.com	0	103	
https://piume.it	0	103	
https://pizza-flash-orzinuovi.business.site/	0	404	
https://pizzaria-gallarate.business.site/	0	404	
https://pittyhouse.com	0	200	
https://pizzerialabellanapoli.it	0	200	
https://pizzeria-millelire.eatbu.com/	0	302	https://pizzeria-millelire.eatbu.com/?lang=en
https://pizzeria-o-piennolo.it	0	200	
https://pizzerialuciadal1987.it/	0	301	https://www.pizzerialuciadal1987.it/
https://pitotipark.it/	0	200	
https://pizzeriaregine.it	0	200	
https://poke-house.com/it-it/localita/milano-cadorna-house/	0	404	
https://pizzeriaregine.it/saronno/	0	200	
https://pizzerialariana.it	0	200	
https://poke-house.com/it-it/localita/milano-porta-venezia/	0	404	
https://poke-house.com/it-it/localita/milano-via-fiamma/	0	404	
https://poliziapenitenziaria.gov.it/polizia-penitenziaria-site/it/det_sede.page?contentId=SDT8412	0	200	
https://potatoesgourmet.com/	0	200	
https://poligomma.it/	0	200	
https://porcao.it	0	200	
https://prima-scelta.eatbu.com/?lang=it	0	200	
https://prokennex.eu/	0	301	https://www.prokennex.eu/
https://promotogarage.it/	0	200	
https://psicodinamicaispa.it	0	301	https://www.psicodinamicaispa.it/
https://quattrogatti.co/	0	403	
https://prodottitipicimonteisola.it/	0	200	
https://pvcghedi.org/	0	200	
https://radiowebarese.it/	6		
https://raf-statue.com/	0	301	https://www.raf-statue.com/
https://quintadimensione.it	0	200	
https://rbm.eu/	0	403	
https://r4italia.it/	0	200	
https://restaurant-sushiyou.com	6		
https://recommendedbygertrud.com/b-amp-b-valtili-italy	0	302	https://katestravelexperience.eu/b-amp-b-valtili-italy?correlationID=dae0ae9d-ea79-4fad-91a4-62b883862294
https://restaurantgaosushi.it	6		
https://rbb.provincia.brescia.it/library/biblioteca-di-desenzano-del-garda/	0	200	
https://restcar.it	0	200	
https://ricostruzione-unghie-como-chiasso-lugano.business.site	0	404	
https://rifugi.cai.it/shelters/921600603	0	200	
https://retebibliotecaria.provincia.va.it/le-biblioteche-della-rete-provinciale-di-varese/Cavaria-c-P-/	0	403	
https://rifugiogaribaldiadamello.jimdofree.com/	0	403	
https://rifugioelisa.it	0	103	
https://restauro-falegnameria.it/	0	200	
https://ristorante-al-bertansi.business.site/	0	404	
https://ripiene.it	0	302	http://survey-smiles.com
https://rimbalzelloadventure.com/	0	301	https://rimbalzelloadventure.com/it/
https://ristorante-bellavita.it	0	302	/en
https://ristorantebollicine.com	6		
https://ristorantecinesedimsumye.it	0	406	
https://puntoglass.com	0	200	
https://ristorantearrigoidro.it/	0	200	
https://ristorantedagenny.it/	60		
https://ristorantehaveli.com	0	200	
https://ristoranteilburchiello.eatbu.com	0	302	https://ristoranteilburchiello.eatbu.com/?lang=en
https://ristorantemontesole.net/	0	200	
https://ristoranteilpalio.it/	0	200	
https://ristorantepatanegra.it/	0	200	
https://ristorantepizzerialaterrazza.it/	6		
https://ristorantecascinacosta.it/	0	200	
https://ristorantesaur.it/	0	301	https://www.ristorantesaur.it/
https://ristorantetheboss.com/	0	404	
https://ristorantepizzerialacicala.it	0	200	
https://rollingstones.eatbu.com	0	302	https://rollingstones.eatbu.com/?lang=en
https://ristoranti.rossopomodoro.it/stazionefsmilanocentrale-4a4e763ed5e2	0	200	
https://ristorantesancarlo.it	0	200	
https://ronintcg.it/	0	200	
https://rossettogroup.it/punti-vendita/c-c-concesio/	0	200	
https://ristorantepizzeriagattogiallo.it	0	200	
https://sab.arriva.it/	0	301	https://bergamo.arriva.it:443/
https://rsabagnolomella.it	0	200	
https://sakurasushi-milano.it	0	302	https://www.justeat.it/?utm_source=sakurasushi-milano.it&utm_medium=microsites&utm_campaign=microsites
https://sancarloistitutoclinico.it/	0	200	
https://saloni.jeanlouisdavid.it/it/parrucchiere/italy-39/italy-017/brescia-017029/jean-louis-david-551	0	200	
https://sanlorenzodipersegno.it/	0	200	
https://romeastampi.it/	0	200	
https://sanrocco.grupposandonato.it/	0	403	
https://sanshirestaurant.it/brescia/	0	200	
https://santuariodellegrazie.brescia.it	0	200	
https://rusconi-rehabilita.it	0	200	
https://sarafornasette.wixsite.com/le-fornasette	0	200	
https://saveriani.it/brescia	0	403	
https://scotti-giocattoli-videogames-toys.business.site/	0	404	
https://sartorialamodifica.it	0	200	
https://sba.unimi.it/it/biblioteche/biblioteca-di-medicina-veterinaria#info	0	200	
https://scuolasanmartino.it/scuola-primaria/	0	403	
https://scuolasanmartino.it/scuola-infanzia/	0	403	
https://sbaff.it/	0	200	
https://scuolerovetta.edu.it/luogo/via-bono-da-castione-2/	0	410	
https://seconet.it	0	200	
https://semec.it	0	301	http://www.semec.it/
https://senjujapaneseresta.wixsite.com/senjumilano	0	200	
https://scuolabottega.org/contatti/#brescia2	0	200	
https://senzafronzolisfuseria.it/	0	200	
https://serramenti-cfp-srl.business.site/	0	404	
https://setec-group.com	0	200	
https://seven-lounge.net	6		
https://sensole.it/ristorante-g-lab-monte-isola/	0	404	
https://shabucernusco.it	0	200	
https://sensole.it/	0	200	
https://shabuvarese.it	6		
https://sensole.it/bar-monte-isola-senza-senso/	0	200	
https://shitcoins.club/localizzazione-atm/atm-bitcoin-brescia-via-giovanni-lipella	0	403	
https://shop.z-eshop.com/vetement-enfant/tavernola/638	6		
https://shisha-relax.it/	6		
https://sirmionehotelgrifone.it/	0	200	
https://sideuppoke.it/	0	200	
https://siafuel.it	0	200	
https://sites.google.com/site/bagnolosoccorsoonlus	0	302	https://accounts.google.com/ServiceLogin?passive=1209600&osid=1&continue=https://sites.google.com/site/bagnolosoccorsoonlus&followup=https://sites.google.com/site/bagnolosoccorsoonlus
https://sistemamuseale.cmvs.it/vestone/	0	200	
https://sites.google.com/site/filmarart/	0	302	https://accounts.google.com/ServiceLogin?passive=1209600&osid=1&continue=https://sites.google.com/site/filmarart/&followup=https://sites.google.com/site/filmarart/
https://sit.provincia.brescia.it/	0	200	
https://sites.google.com/view/ninibistrot/home	0	200	
https://sites.google.com/view/olonagreenway/home	0	200	
https://siasspa.it/it/home#	0	200	
https://siti-internet.wixsite.com/dipugliaunpo	0	200	
https://solaro.mercatopoli.it	60		
https://sites.google.com/site/cinquenani/home	0	302	https://accounts.google.com/ServiceLogin?passive=1209600&osid=1&continue=https://sites.google.com/site/cinquenani/home&followup=https://sites.google.com/site/cinquenani/home
https://someco.easy-delivery.it/	0	302	https://easy-delivery.it/wp-signup.php?new=someco
https://smashx3.com/smash-x3-club-bellavista-varese/	0	200	
https://sottoscala.eatbu.com/?lang=it	0	200	
https://sosvavsrl.it/	0	200	
https://spettro.info/	0	200	
https://ssl2.muenchen.de/process.php?path=bau/bau_rein//bau_rein	6		
https://solive.it/	0	301	https://www.solive.it/
https://stilocomoristorante.org	6		
https://stores.footlocker.it/it/como/via-plinio-13.html	0	301	https://stores.footlocker.it/it/it-lo/como/via-plinio-13-351_31_06148.html
https://stores.danjohn.com/it/italia/milano/rescaldina	0	200	
https://spiritoagricolo.com	0	503	
https://stores.ovs.it/it/italia/lombardia/brescia/chiari	0	301	https://stores.ovs.it/it/italia/lombardia/brescia/ovs-chiari
https://stores.ovs.it/it/italia/lombardia/milano/ovs-milano-buenos-aires	0	301	https://www.ovs.it/it/it/stores?storepath=italia%2Flombardia%2Fmilano%2Fovs-milano-buenos-aires
https://stores.primark.com/it_it/italia/arese/via-giuseppe-eugenio-luraghi-11	0	404	
https://studiolegalesozzi.wordpress.com	0	410	
https://sorlini.com/	0	200	
https://stores.ovs.it/it/italia/lombardia/milano/ovs-san-vittore-olona	0	301	https://www.ovs.it/it/it/stores?storepath=italia%2Flombardia%2Fmilano%2Fovs-san-vittore-olona
https://stuffcube.wordpress.com	0	200	
https://studiopiu.net/	0	301	/tvwebapp/
https://surfpoint.it/	0	200	
https://sushi-sakana.eatbu.com	0	302	https://sushi-sakana.eatbu.com/?lang=en
https://sushikasai2016.wixsite.com/sushikasaimilano	0	200	
https://suigeneris.bar/	0	200	
https://sushimood.it/busnago/	0	200	
https://sushioyishi.eatbu.com	0	302	https://sushioyishi.eatbu.com/?lang=en
https://tabaccaia.it/	0	301	https://www.tabaccaia.it/
https://takasushibar.com/	6		
https://sushiko.it/locali/sushiko-rovato/	0	301	https://sushiko.it
https://tatamiviaggi.it	0	200	
https://tardispubmilano.it	0	200	
https://tavina.it/	0	200	
https://te-beso.it	0	200	
https://teatroalberti.it/	0	200	
https://studioaiolfi.com	28		
https://teatrosicomoro.it/	0	200	
https://surfgarages.com	28		
https://terresolive.it/	0	200	
https://terredelgarda.net/	0	200	
https://tenutaroveglia.com/	0	200	
https://thebikestore.it/	0	302	https://thebikestore.it/livigno-bike-shop/
https://tigros.it/t/punti-vendita/tigros-castellanza	0	301	https://www.tigros.it/t/punti-vendita/tigros-castellanza
https://tisanoreicabs.it	0	200	
https://touringedolo.it/	0	301	https://www.touringedolo.it/
https://tettamanticarrozzeria.it	0	200	
https://toysuper.it	0	103	
https://traslochiesperti.it/	0	200	
https://trattoria-la-milanese.business.site/	0	404	
https://teatronuovotreviglio.it/	0	200	
https://treviglio.ubiklibri.it	0	301	https://www.ubiklibri.it/librerie/ubik-treviglio
https://tsubaki-restaurant-gallarate.eatbu.com	0	302	https://tsubaki-restaurant-gallarate.eatbu.com/?lang=en
https://trattoria-daemma.odoo.com	0	200	
https://tritatasti.it	0	200	
https://twitter.com/5zecchini	0	403	
https://tumiturbivarese.it	0	403	
https://ugogrill.it/	0	200	
https://universobimbo.com/	0	200	
https://trattoriadapasqualino.it/	0	200	
https://urago.ninjapadel.it/	0	200	
https://unica.istruzione.gov.it/cercalatuascuola/istituti/BS1A26800Q/carboni/	0	200	
https://vallecamonicaunesco.it/parco-lago-moro-luine-monticolo-2/	0	301	https://www.vallecamonicaunesco.it/parco-lago-moro-luine-monticolo-2/
https://urbanpets.it	0	200	
https://vallesabbia.info	0	301	https://www.vallesabbia.info/
https://vannicancelleria.it/	0	200	
https://vanzaghello.galleriebennet.com	0	302	https://vanzaghello.galleriebennet.com/home
https://vantonepineta.it	0	200	
https://vegami.it	0	301	https://www.vegami.it/
https://vendita.rentalplus.it	0	500	
https://verolanuova.altervista.org/1716-il-romitto-di-s-pietro-di-scorzarolo/	0	200	
https://verdeprofilo.com/	0	301	https://www.verdeprofilo.com/
https://valentinotessuti.it	0	200	
https://tuttocapsule.it/punti-vendita/page/17/	0	200	
https://vervegustoitaliano.it/ristoranti/verve-busto-arsizio/	0	200	
https://viaggitemponi.com	0	200	
https://villaggiomaderno.it/	0	301	https://www.villaggiomaderno.it/
https://villacalini.com/ristorante/	0	301	https://www.villacalini.com/ristorante/
https://villaggiovalverde-coop.it/	0	200	
https://villasantuberto.eu/	0	200	
https://veronelligioielli.com	0	200	
https://villinomilano.it	0	301	https://www.villinomilano.it/
https://veterinariodrdimauro.it	0	200	
https://vinpiu.com/	60		
https://voghera.ubiklibri.it	0	301	https://www.ubiklibri.it/librerie/ubik-voghera
https://vogliadicasamia.it/	0	200	
https://vipsmotel.it/	0	301	https://www.vipsmotel.it/
https://webopac.csbno.net/library/Bollate/	0	403	
https://vimelug.org/contattaci	0	301	https://vimelug.org/contattaci/
https://webopac.csbno.net/library/Cinisello-Il-Pertini/	0	403	
https://wfragrances.it	0	200	
https://wildingdefense.com	0	301	https://www.autodifesaistintiva.it/
https://volta45.it/	0	200	
https://www.12ozcj.com/	0	200	
https://www.2fsas.com	0	200	
https://www.2elle.it	0	200	
https://www.2bebike.it/	0	200	
https://www.450gradipizzeria.it	0	200	
https://www.a2a.eu/it/gruppo/i-nostri-impianti/termoutilizzatori/brescia	0	301	https://gruppoa2a.it/it/gruppo/i-nostri-impianti/termoutilizzatori/brescia
https://www.a2a.eu/it/gruppo/idrico/depuratore-verziano	0	301	https://gruppoa2a.it/it/gruppo/idrico/depuratore-verziano
https://www.abbaziasannicola.it/	0	200	
https://www.abeni.it/	0	301	https://abeni.it/
https://www.3muzen.com/	0	301	https://3muzen.com/
https://www.acadelzep.it	0	200	
https://www.achillepinto.com	0	301	https://achillepinto.com/
https://www.acquaesapone.it/	0	200	
https://www.aclibresciane.it/	0	200	
https://www.acquaesapone.it/puntivendita/bagnolo-mella-viale-della-stazione-25	0	301	https://www.acquaesapone.it/puntivendita/bagnolo-mella-viale-della-stazione-25/
https://www.acquaesapone.it/puntivendita/busto-garolfo-via-arconate-116/	0	200	
https://www.acquaroli.it/location-matrimoni/castello-di-monasterolo	0	200	
https://www.action.com/it-it/negozi/brescia2/	0	200	
https://www.acquaworld.it	0	301	https://acquaworld.it/
https://warcom.it/	28		
https://www.acusticabrescia.it/	0	200	
https://www.adi-interiordesign.it	0	200	
https://www.adm.gov.it/portale/-/lombard-2	0	404	
https://www.admiralclub.it/regioni-sale/lombardia/legnano-via-fogazzaro	0	200	
https://www.adorthobrescia.com/	6		
https://www.adolfostefanelli.it	0	200	
https://www.adproduzioni.com/	0	200	
https://www.adriaresort.it/	0	200	
https://www.adventureland-borno.eu/	0	200	
https://www.abaribi.com/	28		
https://www.adaq.it/	0	200	
https://www.aemmelineaambiente.it/comuni/canegrate/piattaforma-ecologica	0	200	
https://www.aemmelineaambiente.it/comuni/parabiago/piattaforma-ecologica	0	200	
https://www.aemmelineaambiente.it/comuni/san-giorgio-su-legnano/piattaforma-ecologica	0	200	
https://www.aeolusrestaurant.it/	0	200	
https://www.aerogravity.it	0	307	/it
https://www.aerdelta.it/	0	200	
https://www.affidea.it/i-centri/affidea-villa-salute/	0	301	/it/centri/
https://www.aessestudioimmobiliare.it	0	200	
https://www.agetravagliato.it/	6		
https://www.advtrade.it/	0	200	
https://www.agraria.org/vini/disciplinarefranciacorta.htm	0	200	
https://www.agescicaravaggio.it/	0	200	
https://www.adwebagency.it/	0	200	
https://www.agrimec.eu/	0	200	
https://www.agos.it/filiale/brescia---filiale-79.aspx	0	200	
https://www.agrinordest.it/province/bs/malonno.php	52		
https://www.agriturismo.it/en/farmhouse/lombardy/bergamo/LaFontana-4210761	0	403	
https://www.agriturismoalberelle.it/	0	200	
https://www.agripig.it	0	200	
https://www.agriturismo-castello.it/	0	200	
https://www.agriturismoaquilasolitaria.com/	0	200	
https://www.agrilambic.it/	0	301	https://agrilambic.com/
https://www.agriturismobelotti.it	0	200	
https://www.agriturismoaltopiano.com/	0	200	
https://www.agriturismobetulla.com/	0	200	
https://www.agriturismocortelasacca.com/	0	301	https://www.agriturismocortelasacca.com/it/agriturismo-vicino-gardaland-sirmione
https://www.agriturismoilgallo2.it/	0	200	
https://www.agriturismolacavallina.com/camere-agriturismo-como-la-cavallina/	0	200	
https://www.agriturismolacavallina.com/maneggio-scuola-equitazione-monguzzo/	0	200	
https://www.agriturismolacavallina.com	0	200	
https://www.agriturismolacavallina.com/ristorante-agriturismo-como-la-nostra-cucina/	0	200	
https://www.agriturismoperli.it/	0	200	
https://www.agriturismolapioppa.it/	0	200	
https://www.agriturismolacivetta.com/	0	200	
https://www.agriturismolascalera.com/	0	200	
https://www.agrobresciano.it/brescia-triumplina.asp	0	302	https://www.agrobresciano.it
https://www.agrobresciano.it/annuario/sportelli.asp?abi=8575&i_menuID=60102	0	200	
https://www.agroittica.it/	0	200	
https://www.agrobresciano.it/	0	200	
https://www.agrovit.com/	0	200	
https://www.aisbrescia.it/	0	301	https://www.aislombardia.it/delegazione-ais-brescia.htm
https://www.alaofficine.it/	0	200	
https://www.albergo-giardino.com/	6		
https://www.albergoalcorso.it	0	200	
https://www.albergocastello.it/ristorante.html	0	200	
https://www.albaconsulting.it	0	301	https://albaconsulting.it/
https://www.agromania.bio/	0	301	https://agromania.bio/
https://www.albergoeden.eu/	0	200	
https://www.albergogaba.com/	0	200	
https://www.albergolaquiete.eu/	0	200	
https://www.albergolacollinacomo.it	0	200	
https://www.agriturismovallalta.it/	0	301	https://agriturismovallalta.it/
https://www.albergosanfermo.com/	0	302	http://www.albergosanfermo.com/wp/
https://www.alboscket.it/	0	301	https://alboscket.it/
https://www.alcaserramentialluminio.it	0	200	
https://www.aldi.it/it/trova-il-punto-vendita/aldi-brescia/aldi-concesio.html	0	200	
https://www.albergolodrino.it/	0	200	
https://www.alborgocimarest.it	0	200	
https://www.alcantini.com/	0	301	https://alcantini.com/
https://www.alfasystemsrl.com/	0	200	
https://www.alfatt.it/	0	200	
https://www.alfaacciai.it/	0	200	
https://www.algambero.it/	0	301	https://algambero.it/
https://www.alicecasavacanza.altervista.org	35		
https://www.alicepizza.it/store/alice-pizza-varese/	0	200	
https://www.alicepizza.it/store/alice-rescaldina/	0	200	
https://www.allabaita.it/	6		
https://www.alimentaricare.it/	0	200	
https://www.alimentisenzaglutine.it	0	200	
https://www.allcleanpuliziebrescia.it/	0	200	
https://www.allestimenti-disabili.it	0	200	
https://www.allapinsanonsicomanda.com/	0	200	
https://www.alfattoreristorante.com/	0	200	
https://www.alloggiangelicagargnano.it/	0	200	
https://www.almag.it/	0	301	https://www.almag.it/it/
https://www.alrocol.com/	0	403	
https://www.altempoperduto.it	0	200	
https://www.alpedelgarda.it/	0	301	/it/
https://www.alto.it	0	200	
https://www.altolago.com/	0	301	https://altolago.com/
https://www.altstazionedelgusto.com/	0	200	
https://www.altromercato.it	0	200	
https://www.amaserramenti.it/	0	200	
https://www.alvintisetpizzeria.it/	0	302	https://www.alvintisetpizzeria.it/work-in-progress/
https://www.ambasciatori.net/it/	0	200	
https://www.ambienteparco.it/	0	301	https://ambienteparco.it/
https://www.ambrahoteliseo.it/	0	200	
https://www.amicachips.it/	60		
https://www.ambulatoriovirtuale.it	0	200	
https://www.altopianodelsole.it/	0	200	
https://www.amnesiamilano.com	0	301	https://amnesiamilano.com/
https://www.amx-automatrix.it/	0	200	
https://www.animaefuoco.com/	0	200	
https://www.anaconcesio.it/luoghi-del-gruppo-alpini-di-concesio/il-rifugio-alpini-in-colma/	0	301	https://anaconcesio.it/luoghi-del-gruppo-alpini-di-concesio/il-rifugio-alpini-in-colma/
https://www.anaconcesio.it/	0	301	https://anaconcesio.it/
https://www.antaresvision.com/	0	301	https://www.antaresvisiongroup.com/lifescience/
https://www.anticacortebusto.it	0	200	
https://www.anticadolceriabs.com/	6		
https://www.anmil.it/Sediprovinciali/ANMILBrescia/tabid/1274/language/it-IT/Default.aspx	0	404	
https://www.anticanapolicarugate.it	0	404	
https://www.anticacomo.it	0	200	
https://www.anticoantico.com/espositori/gallery.asp?idantiquario=2245	0	200	
https://www.anticapieveosteria.it/	0	200	
https://www.anticoborgogarda.eu/	0	200	
https://www.anticobenessere.it/	0	200	
https://www.apam.it/	0	302	/it/
https://www.apeemaia.it/	0	200	
https://www.anytimefitness.it/gyms/it-0036/legnano-mi-20025/	0	301	/palestra/it-0036/legnano-mi-20025/
https://www.apophisclub.com/	0	301	https://www.apophisclub.com/en/
https://www.aqualis-srl.it/	0	403	
https://www.apricaspa.it/cittadini/brescia/centro-di-raccolta	0	301	https://www.apricaspa.it/it/brescia/servizi/centro-raccolta-rifiuti
https://www.apricaonline.com/	0	200	
https://www.aquariva.it/	0	301	https://aquariva.it/
https://www.aqvasport.it/cermenate	0	200	
https://www.arancucinemultistorebs.it	0	200	
https://www.arcaplanet.it/	0	200	
https://www.arcaplanet.it/negozi-per-animali/busto-garolfo-v-arconate	0	301	https://negozi.arcaplanet.it/lombardia/mi/busto-garolfo-via-arconate
https://www.arcangelicentronautico.it/	0	200	
https://www.arcaplanet.it/negozi-per-animali/milano-v-c-imbonati	0	301	https://negozi.arcaplanet.it/lombardia/mi/milano-via-carlo-imbonati-24
https://www.arcaplanet.it/negozi-per-animali/tradate-v-della-fornace-cortellezzi	0	301	https://negozi.arcaplanet.it/lombardia/va/tradate-via-della-fornace-cortellezzi-snc
https://www.anticacascinasanzago.it/	0	200	
https://www.arcobrescia.it/	0	200	
https://www.arcicollebeato.it/	35		
https://www.archiviovittoriosereni.it	0	200	
https://www.ardesiserramenti.it/	0	200	
https://www.architettorusconi.com/	0	200	
https://www.areacampertemu.it/	60		
https://www.areacamperbergamo.it/	0	200	
https://www.areaindustriale.com	0	200	
https://www.aribrescia.it/	0	200	
https://www.arnaldopomodoro.it/archive/detail/136/cancello-solare	0	404	
https://www.armidesenzani.it/	0	200	
https://www.arredainterni.it	0	403	
https://www.arredamenticalzavara.com	0	200	
https://www.arredo3.it/store/arredo3-store-brescia	0	301	https://www.arredo3.com/it/store/arredo3-store-brescia
https://www.arrigoniformaggi.it/	0	200	
https://www.arnicaberzodemo.it/	0	200	
https://www.artecapitalitalia.com/	0	403	
https://www.artebianca.it/	0	403	
https://www.artigliere.net/	0	200	
https://www.ars-manufactorea.com/	0	200	
https://www.artigianastampi.it/	0	200	
https://www.artofpewter.com/it/	0	200	
https://www.asanka-restaurant.com/	0	404	
https://www.ashotels.it/as-hotel-sempione-fiera/name=Uniqo Hotel Sempione Fiera	3		
https://www.asiloalice.it/	0	200	
https://www.aseptic.it/	0	200	
https://www.asprotezioni.it	0	200	
https://www.assaje.it	0	200	
https://www.arzagagolf.it/	0	200	
https://www.asst-garda.it/ospedali/leno/	60		
https://www.asst-garda.it/ospedali/salo/	60		
https://www.asst-garda.it/ospedali/salo/servizi/poliambulatori-di-salo/	60		
https://www.astoriadesenzano.it/	0	301	https://www.astoriadesenzano.it/index.php/it/
https://www.astorlimone.com	0	302	/it-it/p/1/home
https://www.asst-melegnano-martesana.it/lazienda/strutture-ospedaliere/ospedale-di-cassano-dadda/	0	301	https://www.asst-melegnano-martesana.it/presidi-ospedalieri/ospedale-di-cassano-dadda-2
https://www.astorispa.it/	0	200	
https://www.atala.it/index.php	0	404	
https://www.atelierelettrodomestici.it/	0	200	
https://www.asvt-spa.it/home/cms/asvt/	0	200	
https://www.armeriaolimpic.it	28		
https://www.augustopezzola.com/	0	200	
https://www.ats-brescia.it/sedi-e-orari-dei-centri-vaccinali-asst-antinfluenzale-e-anticovid-19	0	404	
https://www.audiofonetica.it/	0	200	
https://www.aurosalotto.it/	0	200	
https://www.aurobindoitalia.it	0	200	
https://www.autoazzurra.eu/	60		
https://www.autodemolizionepollini.it/	60		
https://www.autocarrozzeriaanselmi-bs.com/	0	200	
https://www.autodromodifranciacorta.com/	0	200	
https://www.autofficinagadda.it/	0	403	
https://www.autoemotoribs.it/	0	200	
https://www.aurorasirmione.com	0	200	
https://www.autodeco.it/	0	200	
https://www.autoradiobrescia.it/	0	404	
https://www.autoscuolaporro.it/	0	403	
https://www.autoforniturecaputo.it	0	200	
https://www.autoriparazionitonoli.it/	0	200	
https://www.autoscuolasaleri.it/sedi/sede-di-concesio/	0	200	
https://www.autotrasportibresciavisini.it/	0	200	
https://www.autoriparazionidiaz.com	0	200	
https://www.autovalle.it/	0	200	
https://www.autotorino.it/concessionarie-officine/varese/filiale-busto-arsizio-corso-sempione-188	0	200	
https://www.avverafinanziamenti.it/	0	200	
https://www.avisprovincialebrescia.it/sedi/rodengo-saiano/	0	301	https://avisprovincialebrescia.it/sedi-e-centri/rodengo-saiano/
https://www.azalgomme.it/	0	200	
https://www.baffoitalia.com/	0	301	https://www.pubbli-store.com/
https://www.aziendagricolalfienile.it	0	301	https://www.aziendagricolalfienile.it/sito/
https://www.bagnoloscuole.edu.it	0	200	
https://www.babb.it	6		
https://www.bagnomio.it/	0	200	
https://www.baita-adame.it/	0	200	
https://www.baitadiorimento.it/	0	200	
https://www.baldazzimpianti.com/	0	200	
https://www.bancadelterritoriolombardo.it/filiali/brescia-fil-9/	0	200	
https://www.baitavalleazzurra.it	0	200	
https://www.barattiantichita.it/	0	200	
https://www.barpasticceriabicelli.it	0	200	
https://www.bb-castello.it/	0	200	
https://www.bborsolina.it/	0	200	
https://www.bbpescatore.it/	60		
https://www.autosicura.it	28		
https://www.bancavalsabbina.com	0	200	
https://www.bancaetica.it/filiale/filiale-di-brescia/	0	200	
https://www.bccbrescia.it/filiali/brescia-garibaldi/	0	200	
https://www.bdmauto.it/	0	200	
https://www.bbuono.it/	0	200	
https://www.beautymed-brescia.it/	0	200	
https://www.befedpub.com/befed-concesio/	0	200	
https://www.befedpub.com/	0	200	
https://www.bellanapolimantova.it	6		
https://www.bedizzole.bcc.it/modules_cms/HomePage.php	0	301	https://www.bancadelterritoriolombardo.it/modules_cms/HomePage.php
https://www.befedpub.com/befed-urago-mella/	0	200	
https://www.belleritende.it	0	200	
https://www.bellerogreenfactory.it/agricampeggio	0	200	
https://www.belvedereclusane.it/	0	200	
https://www.bennet.com/	0	403	
https://www.bengalsbrescia.it/	0	200	
https://www.beps.it/negozi/brescia-san-zeno-sul-naviglio	0	301	https://www.beps.it/it/negozi/brescia-san-zeno-sul-naviglio
https://www.beretta1950.com/punti-vendita	0	301	https://www.berettailfornaio1950.com/punti-vendita
https://www.berettailfornaio1950.com	0	200	
https://www.berlucchi.it	0	200	
https://www.bernaernesto.it/	0	301	https://bernaernesto.it
https://www.bensfoto.it/	0	200	
https://www.bestonebicigrill.it/	0	200	
https://www.beatalucia.it/	0	200	
https://www.bettoniarredamenti.com	0	200	
https://www.bettinsoliacciai.it/	0	301	https://bettinsoliacciai.it/
https://www.beweb.chiesacattolica.it/edificidiculto/edificio/17411/Manerba+del+Garda+%28BS%29+%7C+Chiesa+di+San+Bernardo	0	200	
https://www.bewellpharma.it/landingpage/promo-apertura/	0	404	
https://www.biancolin-rugolotti.it	0	200	
https://www.beweb.chiesacattolica.it/edificidiculto/edificio/57811/Chiesa+di+San+Martino+Vescovo	0	200	
https://www.biblioberlingo.it/	0	200	
https://www.biancospinotattoo.it/	0	200	
https://www.bibliotecapalazzolo.it/	0	200	
https://www.bicicapace.com	0	200	
https://www.bicoccavillage.it	0	200	
https://www.biemascensori.it/	0	200	
https://www.biemme-etichette.com/index.php/it/	0	301	https://www.biemme-etichette.com/
https://www.biblioteca.concesio.bs.it/	0	200	
https://www.bierstube.it/	0	200	
https://www.beweb.chiesacattolica.it/edificidiculto/edificio/59805/Vobarno+%28BS%29+%7C+Chiesa+di+Santa+Maria+Assunta	28		
https://www.bignedoro.it	0	200	
https://www.bibentes.com/blog/wine-bar-lainate/	28		
https://www.birrasottolatorre.it	0	200	
https://www.birrificio.it/it/birrificio-italiano-milano	0	404	
https://www.bistropopolare.it/	0	200	
https://www.birrerialabaracca.com	0	200	
https://www.blueandwhitedimarmed.com	0	200	
https://www.bluhotelbrixia.it/	0	200	
https://www.bierhaus.it/	28		
https://www.bluhotelbrixia.it/eat-restaurant	0	200	
https://www.bluvet.it/	0	200	
https://www.bmiimpianti.com	0	200	
https://www.bitbikes.eu	0	301	https://bitbikes.eu/
https://www.bolbertiarreda.it/	6		
https://www.boccioniacqualife.it	0	301	https://www.erogatoriacquaisywater.it/index.php
https://www.birbantivillage.it	0	404	
https://www.body-light.it/ita/	0	200	
https://www.booking.com/hotel/it/residence-alessandra-domaso	0	202	
https://www.boldriniauto.it/index.php	0	200	
https://www.bonagliastampi.it/	0	200	
https://www.booking.com/hotel/it/villa-maria-au-lac.en-gb.html	0	202	
https://www.borgoallaquercia.it/	0	403	
https://www.borgolevigne.com	0	200	
https://www.bonatoarredamenti.it	0	301	https://bonatoarredamenti.it/
https://www.bormioterme.it/	0	200	
https://www.bornoskiarea.it	0	200	
https://www.bossini.it/it/azienda/montichiari	0	403	
https://www.bormiotraumacenter.com/en/	0	200	
https://www.bottiseramondidentista.it/	0	200	
https://www.bottenago.it/	0	200	
https://www.boutiquedelgioiello.it/	0	301	https://boutiquedelgioiello.it/
https://www.bowlingleonessa.it/	0	200	
https://www.bortolottiangelo.com/	0	200	
https://www.boutiquedellarte.it/it/	0	200	
https://www.bper.it/scheda-filiale/-/filiale/lombardia/como/agenzia-22137	0	200	
https://www.bravifarmacie.it/	0	403	
https://www.bresciamobilita.it/index.php?option=com_content&task=view&id=57&Itemid=85	0	403	
https://www.brasseriebruxelles.eu	0	301	https://brasseriebruxelles.eu/
https://www.bresciamobilita.it/mappe-linee	0	403	
https://www.bresciaclimaservice.it	0	200	
https://www.bresciainfrastrutture.it/	0	200	
https://www.bresciamusei.com/musei-e-luoghi/museo-del-risorgimento-leonessa-ditalia/	0	200	
https://www.bresciamusei.com/	0	200	
https://www.bresciamusei.com/pinacoteca.asp	0	404	
https://www.bresciamusei.com/ncastello.asp?nm=17&t=Museo+delle+Armi+L%2E+Marzoli	0	404	
https://www.bricocenter.it/	0	403	
https://www.bricocenter.it/it/punti-vendita/ep-minisito-punto-vendita/milano-corsica	0	403	
https://www.bresciamusei.com/santagiulia.asp	0	301	https://www.bresciamusei.com/musei-e-luoghi/museo-di-santa-giulia/
https://www.bresciamusei.com/nsantagiulia.asp?nm=14&t=I+capolavori%2E+La+Croce+di+Desiderio	0	404	
https://www.bresciasoccorso.it/	60		
https://www.bricook.it/punto-vendita.php?pv=brico-ok-tradate	0	200	
https://www.brt.it/it/home	0	301	https://www.brt.it
https://www.brisval.it	0	200	
https://www.bricofer.it/storesearch/nerviano	0	200	
https://www.bricook.it/punto-vendita.php?pv=brico-ok-concesio	0	200	
https://www.brutuspub.it/	0	403	
https://www.buizzasrl.it	0	200	
https://www.bruschetterianose.it/	0	200	
https://www.buizza.com	0	200	
https://www.buosi.it/	0	200	
https://www.caboverdetime.it/	0	200	
https://www.bussolaristorante.it/	0	200	
https://www.caddys.it/negozi/legnano-9684	0	301	/negozi/milano/legnano-via-xxv-aprile
https://www.cacciamattaiseo.it/	0	200	
https://www.cadeifrati.it/	0	301	https://cadeifrati.it/
https://www.cacciamattaiseo.it/portfolio/baroncina/	0	200	
https://www.cadindustria.it/rsa/rsa-le-camelie	0	301	https://www.cadindustria.it/rsa/rsa-le-camelie/
https://www.caffefloriamrestaurant.it/	0	200	
https://www.caffeebollicine.com	0	200	
https://www.caesarguerini.it/	0	200	
https://www.cafpatronatobrescia.it/	6		
https://www.caffenazionalelodi.it	0	200	
https://www.cafferati.it	0	200	
https://www.burgo.com/it/gruppo/stabilimenti/toscolano	0	404	
https://www.cai.it/sezione/brescia/rifugi/	0	302	https://archivio.cai.it/sezione/brescia/rifugi/
https://www.cai-lissone.it/rifugio-e-ferrata/	0	200	
https://www.caiborno.it/	0	200	
https://www.cagiada.it	0	301	https://cagiada.it/
https://www.caicollio.it/	0	200	
https://www.caicollio.it/bivacco-grazzini/	0	200	
https://www.caggianoparrucchieri.com/	0	200	
https://www.caiprovaglio.it/	0	200	
https://www.caibovegno.it/	0	301	https://caibovegno.it/
https://www.caigavardo.it/	0	200	
https://www.caibovegno.it/capanna-gianni-mario-remedio	0	301	https://caibovegno.it/capanna-gianni-mario-remedio/
https://www.caiprovaglio.it/madonna-del-corno/	0	200	
https://www.calavera.it	0	200	
https://www.caivestone.it/it/	0	200	
https://www.camaiol.it/	0	200	
https://www.calenda.it/punti-vendita/sash-brescia/	0	200	
https://www.camerette.net	0	200	
https://www.caminhotelluino.com/	0	301	https://caminhotelluino.com/
https://www.caisalo.it/	0	200	
https://www.campdicentpertigh.it	0	200	
https://www.camminaconnoi.it/it/	0	200	
https://www.campeggiodellacolombaia.it	0	403	
https://www.campergardalake.com/	0	200	
https://www.camereconvintage.it/	0	200	
https://www.camping-belvedere.it/	0	200	
https://www.camping-mabellini.com/	0	301	https://www.camping-mabellini.com/de/
https://www.camping-belvedere.com/	0	301	https://www.camping-belvedere.com/en
https://www.camping-eden.it/	0	302	/it.html
https://www.campeggiovalbondione.it/	0	200	
https://www.camping-riviera.com/	0	200	
https://www.camping-puntadoro.com	0	200	
https://www.campingbaiaverde.it/	0	302	/it.html
https://www.camping-sirmione.it/	0	200	
https://www.campingclass.it/	0	200	
https://www.campingboothill.com/	0	200	
https://www.campingcovelo.com/	0	200	
https://www.campingaprica.it/	0	200	
https://www.campingdeserto.com/	0	200	
https://www.campingbruno.it/	0	301	https://campingbruno.it/
https://www.campingdelsole.it/	0	200	
https://www.campingflorida.eu/	0	200	
https://www.campingilfaro.it/	0	200	
https://www.campingdomaso.com/	0	200	
https://www.campinglaca.it/	0	302	/Camping/Home
https://www.campinglagardiola.com/	0	301	https://www.baiaholiday.com/concept-village-piccola-gardiola/
https://www.campingiseo.it/	0	200	
https://www.campinggoldensheep.it/	0	200	
https://www.campinglavedo.it/	0	200	
https://www.campinglefa.it/	0	200	
https://www.campingloscoiattolo.it/	0	200	
https://www.campingmadonnina.com/	0	200	
https://www.campinglasbianca.com	0	200	
https://www.campingmiralago.com/webcam.php	0	200	
https://www.campingpiandellaregina.it/	0	403	
https://www.campingporto.it/	0	200	
https://www.campingolivella.it/	0	200	
https://www.campingpanorama.info/	0	301	https://www.campingpanorama.info/it/
https://www.campingrolli.it/	0	302	/Campeggio/Chi-Siamo
https://www.campingsanbiagio.net/it/webcam.php	0	200	
https://www.campingsanbiagio.net/it/isola.php	0	200	
https://www.campingnanzel.it/	0	200	
https://www.campingrivablu.it/	0	200	
https://www.campingsanfrancesco.com/	0	200	
https://www.campingsebino.com/	0	302	https://www.campingsebino.com/it-it/
https://www.campingsanmichele.it/	0	302	/Campeggio/Home
https://www.campingsansimone.it/	0	301	https://campingsansimone.it/
https://www.campingsereno.it/	0	301	https://campingsereno.it/
https://www.campingzambla.com/	0	200	
https://www.campioneunivela.it/	0	200	
https://www.campingvenus.it/	0	200	
https://www.campingvillageboscoblu.it/	0	200	
https://www.campioneunivela.it/de/trips/climbing/	0	200	
https://www.campingsolarium.com/	0	200	
https://www.campodolcino.eu/it/campeggi/Campeggio-Campodolcino-.html	0	200	
https://www.cantinedelcerro.it	6		
https://www.camunaprefabbricati.it/	0	301	https://camunaprefabbricati.it/
https://www.cantinediverona.it/it/cantine/cantina-valpantena	0	200	
https://www.cantierearchettiercole.it/	0	200	
https://www.capirola.it/	60		
https://www.cantineisola.com	0	301	https://www.cantineisola.com/it/
https://www.campodeifiori.cc/	0	200	
https://www.capogirodue.com/	0	200	
https://www.capriolo.org/	0	404	
https://www.carbongrill.it/	0	200	
https://www.carlocivera.com	0	403	
https://www.carecasa.it/	0	200	
https://www.carneefuoco.it/	6		
https://www.carmentown.it/	0	200	
https://www.capitoliumad.it/	0	200	
https://www.carneespirito.it/	0	301	https://www.carneespirito.it/it/
https://www.carrefour.it/	0	200	
https://www.carrefour.it/punti-vendita/carrefour-express-milano-corso-sempione-50	0	404	
https://www.carrefour.it/punti-vendita/carrefour-market-como-via-recchi-ang-via-rosselli-18-0007.html	0	200	
https://www.carrefour.it/punti-vendita/carrefour-market-gallarate-via-varese-n22-0374.html	0	200	
https://www.carrefour.it/punti-vendita/carrefour-market-varese-ple-trento-n-41-0005.html	0	200	
https://www.carroponte.net/	0	301	https://www.kozelcarroponte.net/
https://www.carrozzeriaguerra.com/	0	200	
https://www.carrozzeriamara.it/	0	200	
https://www.carrozzeriaferrarialdo.it/	0	301	https://carrozzeriaferrarialdo.it/
https://www.carrozzeriapalma.com	0	200	
https://www.carrozzeriabrescia.org/	0	301	https://carrozzeriabrescia.org/
https://www.carrozzeriaserena.com/	0	200	
https://www.cartoleriadasara.it/	6		
https://www.carrozzeriatrieste.it/	0	200	
https://www.cartolibreriagrafite.it/	0	403	
https://www.cartabianca.bar/	0	200	
https://www.carbonepizzeria.it	0	200	
https://www.cartotecnicaghio.it/	0	200	
https://www.casadeipescatori.com/	0	200	
https://www.casaadea.it/	0	403	
https://www.casa-ananda.it/	0	200	
https://www.casadeipescatorisirmione.it/ristorante	0	200	
https://www.casadelguanto.com	0	200	
https://www.casagricolavaltrumplina.it/	0	200	
https://www.casamarcolinibevilacqua.it/	60		
https://www.casadelbere.com/	0	200	
https://www.casaledipegol.com/	0	301	https://casaledipegol.com/
https://www.casascaligeri.com	0	302	https://www.casascaligeri.com/en
https://www.casamarcolinifacella.it/	60		
https://www.casanelbosco.it/	0	200	
https://www.casazzaoratorio.it/	0	301	http://casazzaoratorio.it/
https://www.casaocchiale.it	0	200	
https://www.casasilvana.it/	0	200	
https://www.cascai.it/	0	200	
https://www.casatestori.it	0	301	https://casatestori.it/
https://www.cascinabettina.it/	0	200	
https://www.cascinadoss.com	0	200	
https://www.cascinagraziosa.com/	0	200	
https://www.cascinasancarlo.it/	0	200	
https://www.cascinasanlorenzo.com	0	200	
https://www.cascinapiano.it	0	200	
https://www.cascinaboneta.it	0	301	https://cascinaboneta.it/
https://www.caseinaffittobrescia.it/	0	200	
https://www.cassinacomo.com	6		
https://www.cassapadana.it/	0	302	/privati/
https://www.cassinazza.it	60		
https://www.castalimenti.it/	0	302	https://castuni.com/
https://www.cassaedilebrescia.it/	0	200	
https://www.castellodichignolopo.it	0	200	
https://www.catenarossa.it/	0	200	
https://www.cavallimusica.com/	0	200	
https://www.cbautomazione.com/	0	200	
https://www.cbc-costruzioni.it/	0	200	
https://www.cbbo.it/montirone	0	200	
https://www.centralehotel.it	0	301	https://www.centralehotel.it/it
https://www.celmacchgroup.com/	0	301	https://koenig-bauer-celmacch.com/
https://www.cdsbrescia.com/	0	302	https://www.cdsbrescia.com/it
https://www.centroarcadia.com/cms/	6		
https://www.centralelatte-brescia.it/	0	200	
https://www.castellomalvezzi.com/	0	301	https://castellomalvezzi.com/
https://www.centrocamperlodi.com/	0	301	https://www.dpgenterprize.com/contact
https://www.centrocinofilobattilazampa.it/	0	200	
https://www.centrocommerciale-cantu2000.com	6		
https://www.centrobiancheria.it/	0	200	
https://www.centrocopieleonardo.net/	6		
https://www.centredilspa.com/	0	200	
https://www.centrobiancheria.it/#sedi	0	200	
https://www.centrodentisticopiovanizubani.it/	0	301	https://www.piovanizubani.it/
https://www.centroesteticoanthea.com/	6		
https://www.centrocommercialetreviglio.it/?avia_forced_reroute=1	0	200	
https://www.centroesteticogiusi.it/	0	200	
https://www.centrodiyogaintegrale.it	0	302	https://www.mayavirupa.it/
https://www.centrolucia.it/	0	403	
https://www.centrofiera.it/	0	200	
https://www.centromolinetto.it/	0	301	http://molinetto.galleriebennet.com/
https://www.centrodentisticofutura.it/	0	200	
https://www.centrorehabilita.com/	0	301	https://centrorehabilita.com/
https://www.centrosarca.it	0	403	
https://www.centronerviano.it/	0	200	
https://www.centrosocialelegnano.it/	0	200	
https://www.centrosportivomariorigamonti.it/	0	200	
https://www.centrovirgilio.it/	0	200	
https://www.cerromaggiore.org/	0	302	https://www.comune.cerromaggiore.mi.it
https://www.centromontebello.com/negozio/befed	0	301	https://www.centromontebello.com/negozio/befed/
https://www.cerromaggiore.org/c015072/zf/index.php/uffici/index/detail/categoria/190/id/22	0	302	https://www.comune.cerromaggiore.mi.it
https://www.cfpzanardelli.it/index.php/2013-05-22-10-25-38/clusane-d-iseo	0	301	http://www.cfpzanardelli.it/sede/clusane/
https://www.cfpzanardelli.it/sede/chiari/	0	301	https://orientamento.cfpzanardelli.it/chiari/
https://www.chaletmaniva.it/	0	200	
https://www.chefexpress.it/poi/stazione-di-saronno/	0	200	
https://www.centrohanabi.com/	0	200	
https://www.chefexpress.it/poi/stazione-di-varese/	0	200	
https://www.chaletforcola.it/news/hotel-e-campeggio.html	0	200	
https://www.chervogolfsanvigilio.it/	0	301	https://www.gardahotelsanvigiliogolf.it/
https://www.chiarodiluna.org/	0	301	https://www.chiarodiluna.org/new
https://www.chichimela.com/	0	200	
https://www.chimical.it/	0	200	
https://www.chocolatcafemilano.it/	0	403	
https://www.chiesadilainate.it/san-bernardo/	0	200	
https://www.chocolatmilano.it/	60		
https://www.christinemor.eu/	0	200	
https://www.chiovenda.com	0	200	
https://www.ciclimazzoletti.it/	0	200	
https://www.ciclitanfoglio.it/	0	403	
https://www.cinemaalpi.it/	0	200	
https://www.cinemacristal.it/	0	200	
https://www.cinemabellano.it/	0	301	https://cinemabellano.it/
https://www.ciebspa.it/	0	200	
https://www.cinemateatroroncadelle.com/	6		
https://www.cinemateatronuovo.it	0	200	
https://www.cipgarden.it	0	200	
https://www.circolocolony.org/	0	403	
https://www.cinemasereno.it/	0	200	
https://www.circolone.it	0	200	
https://www.circusbeatclub.com/	0	200	
https://www.cisalfasport.it/it-it/storelocator/italia/lombardia/bergamo/curno-via-lega-lombarda	0	301	https://www.cisalfasport.it/it-it/storelocator?storepath=italia%2Flombardia%2Fbergamo%2Fcurno-via-lega-lombarda&locale=it-it
https://www.circolab.net/	0	200	
https://www.cislbrescia.it/	0	301	https://cislbrescia.it/
https://www.cislbrescia.it/servizi/anteas/	0	301	https://cislbrescia.it/servizi/anteas/
https://www.cittadelsole.it/ita/negozio/varese-via-croce	0	200	
https://www.cisalfasport.it/	0	200	
https://www.civico48.it/	0	200	
https://www.civico52.com/	0	200	
https://www.claraperclara.it	0	200	
https://www.clinicavittoria.eu/	0	200	
https://www.cm.valletrompia.it/	0	200	
https://www.clubdelsole.com/it/destinazioni/lago-di-garda/desenzano-lake-village	0	200	
https://www.cmav.so.it/	0	200	
https://www.cocce.it/	0	200	
https://www.cocciuto.com/menu-cocciuto-spallanzani	0	404	
https://www.chinagarden.it	28		
https://www.cocktailsmachine.com	0	200	
https://www.codibugnolo.it/	0	200	
https://www.cofa.it/le-nostre-farmacie/farmacia-sempione	0	200	
https://www.cocobeachclub.net/	0	301	https://cocobeachclub.com/
https://www.coin.it/jsp/it/negozio/negozioid_60.jsp	0	404	
https://www.colibriwinecocktailcafe.it/	0	200	
https://www.collegiogallio.it	0	200	
https://www.colombarogolf.com	0	301	https://www.colombarogolf.com/en/
https://www.coltelleriagianola.it/	0	403	
https://www.comi107.com/	0	200	
https://www.colombarogolf.com/en/restaurant/	0	200	
https://www.commercialista.bs.it/	0	301	https://www.commercialista.bs.it/
https://www.colomber.com/	0	200	
https://www.colorboxcenter.it	0	200	
https://www.compass.it/filiali/prestiti-varese.html	0	200	
https://www.comodentalcare.com	0	200	
https://www.compensatoregladio.it/	0	200	
https://www.como-cafe.it/	0	200	
https://www.complementidale.it/	0	301	https://complementidale.it/
https://www.comprensivolivigno.edu.it/pagine/scuola-primaria-trepalle-1	0	200	
https://www.comprensivolivigno.edu.it/pagine/scuola-primaria-san-rocco-1	0	200	
https://www.computergross.it/	0	200	
https://www.comune.adro.bs.it/servizi/notizie/notizie_homepage.aspx	0	404	
https://www.comune.agnosine.bs.it/	0	200	
https://www.comune.acquafredda.bs.it/hh/index.php	0	410	
https://www.comune.alfianello.bs.it/	0	301	https://comune.alfianello.bs.it/
https://www.comune.albino.bg.it/it/vivere/asilo-nido-il-giardino-del-faggio	0	200	
https://www.comune.angolo-terme.bs.it/luogo/la-via-mala	0	200	
https://www.comune.anfo.bs.it/	0	200	
https://www.comune.artogne.bs.it/	0	200	
https://www.comune.bagnolomella.bs.it/	0	404	
https://www.comocentralparking.it	0	200	
https://www.comune.bagolino.bs.it/	0	200	
https://www.comune.bedizzole.bs.it/	0	200	
https://www.comune.bergamo.it	0	200	
https://www.comune.berzo-demo.bs.it/	0	200	
https://www.comune.berlingo.bs.it	0	200	
https://www.comune.bovegno.bs.it/	0	404	
https://www.comune.borgosatollo.bs.it/	0	200	
https://www.comune.botticino.bs.it/	0	200	
https://www.comune.bergamo.it/node/696569	0	200	
https://www.comune.bovezzo.bs.it/drupal/	0	404	
https://www.comune.brescia.it/servizi/biblioteche/decentrate/Pagine/biblioteca-Casazza.aspx	0	301	https://www.comune.brescia.it/servizi/biblioteche/decentrate/pagine/biblioteca-casazza.aspx
https://www.comune.brescia.it/Pagine/default.aspx	0	301	https://www.comune.brescia.it/pagine/default.aspx
https://www.comune.brescia.it/servizi/scuolaeuniversita/pasqualeagazzi/Pagine/Istituto-Pasquali-Agazzi.aspx	0	301	https://www.comune.brescia.it/servizi/scuolaeuniversita/pasqualeagazzi/pagine/istituto-pasquali-agazzi.aspx
https://www.comune.capriate-san-gervasio.bg.it	0	200	
https://www.comune.capralba.cr.it/it	0	200	
https://www.comune.caravaggio.bg.it/	0	302	https://www.comune.caravaggio.bg.it/it
https://www.comune.caravaggio.bg.it/it/vivere/747720	0	200	
https://www.comune.carobbio.bg.it	0	302	hh/index.php
https://www.comune.brescia.it/amministrazione/uffici-di-zona/zona-ovest/informazioni-generali-ufficio-di-zona-ovest	0	410	
https://www.comune.brescia.it/aree-tematiche/giovani/informagiovani/volontariato-e-cittadinanza-attiva	0	410	
https://www.comune.casnigo.bg.it	0	200	
https://www.comune.castelcovati.bs.it/	0	302	https://www.comune.castelcovati.bs.it/it
https://www.comune.casto.bs.it/	0	200	
https://www.comune.cellatica.bs.it/hh/index.php	0	404	
https://www.comune.carpenedolo.bs.it	0	302	https://www.comune.carpenedolo.bs.it/it
https://www.comune.cassanodadda.mi.it	0	302	https://www.comune.cassanodadda.mi.it/it
https://www.comune.cazzago.bs.it/	0	301	https://comune.cazzago.bs.it/
https://www.comune.colere.bg.it/	0	404	
https://www.comune.ciserano.bg.it/amministrazione/uffici/polizia-locale	0	200	
https://www.comune.collebeato.bs.it/hh/index.php	0	301	https://comune.collebeato.bs.it/hh/index.php
https://www.comune.collio.bs.it/	0	302	https://www.comune.collio.bs.it/it
https://www.comune.cologne.bs.it/	0	302	https://www.comune.cologne.bs.it/it
https://www.comune.cortefranca.bs.it	0	200	
https://www.comune.colognoalserio.bg.it/amministrazione/uffici/biblioteca	0	200	
https://www.comune.colognoalserio.bg.it/amministrazione/uffici/polizia-locale	0	200	
https://www.comune.costaserina.bg.it/	0	301	/home/index.html
https://www.comune.costadimezzate.bg.it/vivere-il-comune/dettaglio-luogo/Cimitero-comunale/	0	404	
https://www.comune.desenzano.brescia.it/	0	200	
https://www.comune.edolo.bs.it/	0	200	
https://www.comune.desenzano.brescia.it/italian/castello.php	0	410	
https://www.comune.desenzano.brescia.it/italian/torre.php	0	410	
https://www.comune.fornovosangiovanni.bg.it/amministrazione/uffici/biblioteca	0	200	
https://www.comune.corzano.bs.it	0	200	
https://www.comune.flero.bs.it/	0	302	https://www.comune.flero.bs.it/it
https://www.comune.gandino.bg.it/	0	302	https://www.comune.gandino.bg.it/it
https://www.comune.gardonevaltrompia.bs.it/	0	301	https://comune.gardonevaltrompia.bs.it/
https://www.comune.gardoneriviera.bs.it/	0	200	
https://www.comune.gargnano.brescia.it/	0	301	https://comune.gargnano.bs.it/
https://www.comune.gambara.bs.it/	0	200	
https://www.comune.gianico.bs.it/	0	200	
https://www.comune.gaverina-terme.bg.it/	0	302	hh/index.php
https://www.comune.gavardo.bs.it/	0	200	
https://www.comune.grone.bg.it	0	200	
https://www.comune.gussago.bs.it/	0	404	
https://www.comune.idro.bs.it/	0	200	
https://www.comune.irma.bs.it/	0	200	
https://www.comune.iseo.bs.it/	0	200	
https://www.comune.lentatesulseveso.mb.it	0	302	https://comune.lentatesulseveso.mb.it:443/
https://www.comune.gorlago.bg.it	0	301	https://comune.gorlago.bg.it/
https://www.comune.longhena.bs.it	0	301	https://comune.longhena.bs.it/
https://www.comune.maclodio.bs.it	0	404	
https://www.comune.lumezzane.bs.it/	0	302	https://www.comune.lumezzane.bs.it/it
https://www.comune.mairano.bs.it/	0	200	
https://www.comune.luino.va.it/luoghi/3161383/palazzo-verbania	0	200	
https://www.comune.marone.brescia.it/	6		
https://www.comune.manerbio.bs.it/	0	200	
https://www.comune.marcheno.bs.it/servizi/notizie/notizie_homepage.aspx	0	410	
https://www.comune.marmentino.bs.it/	0	302	https://www.comune.marmentino.bs.it/it
https://www.comune.montirone.bs.it/servizi/notizie/notizie_homepage.aspx	0	301	https://comune.montirone.bs.it/servizi/notizie/notizie_homepage.aspx
https://www.comune.morengo.bg.it/vivere-morengo/biblioteca	0	200	
https://www.comune.muscoline.bs.it/	0	200	
https://www.comune.muscoline.bs.it/pagina11866_mappe-dei-sentieri-di-muscoline.html	0	404	
https://www.comune.mazzano.brescia.it/	6		
https://www.comune.morengo.bg.it	0	200	
https://www.comune.ome.bs.it/	0	200	
https://www.comune.onore.bg.it/	0	200	
https://www.comune.nuvolera.bs.it/	0	200	
https://www.comune.orzivecchi.bs.it/	0	200	
https://www.comune.nave.bs.it/	0	302	https://www.comune.nave.bs.it/it
https://www.comune.ossimo.bs.it/luogo/area-camper	0	200	
https://www.comune.orzinuovi.bs.it/	0	200	
https://www.comune.padenghesulgarda.bs.it/PortaleNet/portale/CadmoDriver_s_59	0	404	
https://www.comune.paitone.bs.it/	0	200	
https://www.comune.palazzolosulloglio.bs.it/	0	200	
https://www.comune.paratico.bs.it/	0	301	https://comune.paratico.bs.it/
https://www.comune.passirano.bs.it/	0	301	https://comune.passirano.bs.it/
https://www.comune.palazzolosulloglio.bs.it/sites/default/files/allegati/documenti/6587/ruggeri_mario.pdf	0	404	
https://www.comune.parzanica.bg.it/	0	302	https://www.comune.parzanica.bg.it/it
https://www.comune.peia.bg.it/	0	200	
https://www.comune.oltreilcolle.bg.it/	0	302	hh/index.php
https://www.comune.perticabassa.bs.it/	0	200	
https://www.comune.perticaalta.bs.it/	0	200	
https://www.comune.polaveno.bs.it/	0	200	
https://www.comune.pompiano.brescia.it	0	302	https://www.comune.pompiano.brescia.it/it
https://www.comune.pianico.bg.it/	0	200	
https://www.comune.polpenazzedelgarda.bs.it/hh/index.php	0	404	
https://www.comune.pozzolengo.bs.it/	60		
https://www.comune.pozzolengo.bs.it/index.php/il-comune/uffici-comunali/96.html	60		
https://www.comune.pontoglio.bs.it/	0	200	
https://www.comune.puegnagodelgarda.bs.it/home	0	410	
https://www.comune.provagliodiseo.bs.it/	0	301	https://comune.provagliodiseo.bs.it/
https://www.comune.pumenengo.bg.it	0	200	
https://www.comune.pontoglio.bs.it/amministrazione/uffici/biblioteca	0	200	
https://www.comune.quinzanodoglio.bs.it	0	404	
https://www.comune.roevolciano.bs.it/	0	200	
https://www.comune.rezzato.bs.it/	0	200	
https://www.comune.salo.bs.it/	0	200	
https://www.comune.roncadelle.bs.it/	0	200	
https://www.comune.rovato.bs.it/	0	200	
https://www.comune.sanpaolodargon.bg.it	0	301	/home/index.html
https://www.comune.schilpario.bg.it/	0	404	
https://www.comune.sedrina.bg.it/	0	301	/home/index.html
https://www.comune.sellero.bs.it/	0	200	
https://www.comune.sarnico.bg.it	0	302	https://www.comune.sarnico.bg.it/it
https://www.comune.songavazzo.bg.it	0	200	
https://www.comune.solarolorainerio.cr.it	0	200	
https://www.comune.sestoeduniti.cr.it	0	302	https://www.comune.sestoeduniti.cr.it/it
https://www.comune.robeccodoglio.cr.it	0	302	hh/index.php
https://www.comune.sorisole.bg.it/	0	302	hh/index.php
https://www.comune.tavernolesulmella.bs.it/	0	302	https://www.comune.tavernolesulmella.bs.it/it
https://www.comune.torrederoveri.bg.it	0	301	/home/index.html
https://www.comune.toscolanomaderno.bs.it/	0	200	
https://www.comune.toscolanomaderno.bs.it/it/cosa-visitare/villa-romana-dei-nonii-arrii-musei	0	302	https://www.comune.toscolanomaderno.bs.it/
https://www.comune.tignale.bs.it/hh/index.php	0	410	
https://www.comune.travagliato.bs.it/	0	200	
https://www.comune.trenzano.bs.it	0	200	
https://www.comune.trescore-balneario.bg.it	0	404	
https://www.comune.trezzosulladda.mi.it/sites/default/files/reg_campo_basket.pdf	0	404	
https://www.comune.uragodoglio.bs.it	0	200	
https://www.comune.uragodoglio.bs.it/luoghi/2189944/biblioteca-comunale	0	200	
https://www.comune.torrepallavicina.bg.it	0	404	
https://www.comune.vallioterme.bs.it/	0	200	
https://www.comune.vestone.bs.it/	0	200	
https://www.comune.valgoglio.bg.it	0	200	
https://www.comune.viadanica.bg.it	0	302	https://www.comune.viadanica.bg.it/it
https://www.comune.verolavecchia.bs.it	0	302	https://www.comune.verolavecchia.bs.it/it
https://www.comune.vigano-san-martino.bg.it/	0	200	
https://www.comune.vigolo.bg.it	0	302	https://www.comune.vigolo.bg.it/it
https://www.comune.villachiara.bs.it	0	200	
https://www.comune.visano.bs.it	60		
https://www.comune.villanuova-sul-clisi.bs.it/	0	200	
https://www.comune.verolanuova.bs.it/	0	404	
https://www.comune.zanica.bg.it/vivere_il_comune/luoghi/luogo_51.html	0	200	
https://www.comunecanegrate.it/ufficio.php?idMenu=120&idUfficio=4	0	200	
https://www.comunecanegrate.it/navigazione.php?idMenu=188&idNotizia=115	0	200	
https://www.conad.it/	0	200	
https://www.comunepradalunga.it	60		
https://www.conad.it/conad/it/home/puntivendita/dettaglio.html?idPdv=313	0	404	
https://www.conad.it/ricerca-negozi/negozio.008119.html	0	301	https://www.conad.it/ricerca-negozi/margherita-conad-via-iv-novembre-13-25010-limone-sul-garda--008119
https://www.conad.it/ricerca-negozi/negozio.009377.html	0	301	https://www.conad.it/ricerca-negozi/conad-via-del-pero-2-25039-travagliato--009377
https://www.comunitapaolovi.it/	0	200	
https://www.conad.it/ricerca-negozi/negozio.009527.html	0	301	https://www.conad.it/ricerca-negozi/conad-via-paolo-vi-52-25049-iseo--009527
https://www.conad.it/ricerca-negozi/negozio.008249.html	0	301	https://www.conad.it/ricerca-negozi/conad-superstore-via-vecchia-per-castelcovati-2-25032-chiari--008249
https://www.conad.it/ricerca-negozi/negozio.009445.html	0	301	https://www.conad.it/ricerca-negozi/conad-superstore-via-faede-snc-25040-esine--009445
https://www.conad.it/ricerca-negozi/negozio.009969.html	0	301	https://www.conad.it/ricerca-negozi/conad-via-cefalonia-16-25124-brescia--009969
https://www.conad.it/ricerca-negozi/tuday-conad-via-cipro-54-25154-brescia--010329	0	200	
https://www.conad.it/ricerca-negozi/negozio.009658.html	0	301	https://www.conad.it/ricerca-negozi/sapori-dintorni-conad-piazza-della-vittoria-2-a-25121-brescia--009658
https://www.conad.it/ricerca-negozi/negozio.010079.html	0	301	https://www.conad.it/ricerca-negozi/spazio-conad-via-e-mattei-37-39-25030-roncadelle--010079
https://www.conad.it/ricerca-negozi/negozio.010139.html	0	301	https://www.conad.it/ricerca-negozi/spazio-conad-via-palmiro-togliatti-4-20027-rescaldina--010139
https://www.concessionarie-volkswagen.it/mandolini.html	60		
https://www.confezionamento-viti.it/	0	200	
https://www.continentalsirmione.com	0	200	
https://www.concesiopieve.it/oratorio-paolo-vi.html	0	404	
https://www.coopalleanza3-0.it/	0	403	
https://www.coopgenesi.it/	0	200	
https://www.consorziodibonificaogliomella.com/	0	301	https://consorziodibonificaogliomella.com/
https://www.corallocafe.it/	6		
https://www.copromec.it/	0	200	
https://www.cormach.com/	0	200	
https://www.coopcogess.org/turismo_sociale/	0	200	
https://www.contradalaflora.it	0	301	https://contradalaflora.it/
https://www.corrimano-ringhiere.it	0	200	
https://www.cortedeibrut.com	0	404	
https://www.cortedelciliegio.com	0	200	
https://www.cortenogolgi.it/index.php/contatti1/25-aziende-agricole/17-azienda-agricola-la-corte	0	404	
https://www.cortefrancesco.it/	0	200	
https://www.cortelombarda.com	0	200	
https://www.cortebreda.it/	0	200	
https://www.countrysportvillage.it/	0	200	
https://www.craft-beer.it	60		
https://www.cozzigiulioauto.com	0	200	
https://www.crafnm.it	0	200	
https://www.credit-agricole.it/	0	200	
https://www.cremonacircuit.com/	60		
https://www.cremonadue.com/negozi-scheda-est2-norauto	0	200	
https://www.crestaalta.it	6		
https://www.crescini.it/	0	200	
https://www.crestaalta.it/	6		
https://www.crespibonsai.com/it/content/15-museo-crespi-bonsai	0	302	https://www.crespibonsai.com/it/index.php?controller=404
https://www.crespibonsai.com/	0	200	
https://www.csmt.it/	0	302	https://www.csmt.it/it
https://www.crialtegroane.org/	0	200	
https://www.crocebiancalumezzane.org/	0	200	
https://www.cucinelube.it/it/punti-vendita/lombardia-varese-lube-store-varese/	0	302	https://www.cucinelube.it/it/store/lombardia-varese-lube-store-varese/
https://www.cucineperdisabili.it	0	200	
https://www.cultivardellevolte.it	0	200	
https://www.curtdiclement.com	0	200	
https://www.d-piu.com/punti-vendita-dpiu/d261-busto-arsizio/	0	200	
https://www.d-piu.com/punti-vendita-dpiu/d086-gavardo/	0	200	
https://www.d-piu.com/punti_vendita/d338-casalzuigno/	0	301	https://www.d-piu.com/punti-vendita-dpiu/d338-casalzuigno/
https://www.dagiusy.com/	0	200	
https://www.daiunbacioachivuoitu.it/	0	200	
https://www.daikinchem.de/daikin-compounding-italy-spa	0	404	
https://www.daibaldi.it	0	200	
https://www.damorris.it	0	200	
https://www.daneseautogru.com/	0	200	
https://www.dalieefagioli.it/	0	301	https://dalieefagioli.it/
https://www.danilolombardi.com/	0	301	https://www.perfiloepersogno.it
https://www.dariodesantis.co/	0	200	
https://www.dapablo.it	0	200	
https://www.dasq.it/	0	200	
https://www.decathlon.it/store-view/negozio-sport-roncadelle-brescia-0070014700147	0	403	
https://www.decimpianti.com	60		
https://www.davidelongonipane.com/	0	200	
https://www.cristianspose.it	28		
https://www.delfino-blu.com	0	200	
https://www.delcar.net/	0	200	
https://www.dellavedovaarredamenti.it	0	200	
https://www.demmrubinetteria.it/	0	200	
https://www.depotmilano.com	0	200	
https://www.dermast.it/	0	200	
https://www.deskglue.it	0	200	
https://www.derricogioielli.com	60		
https://www.detas.com/	0	200	
https://www.dgcom.eu/	0	200	
https://www.desenzanoaziendaspeciale.com/farmacia-comunale-via-togliatti/	0	404	
https://www.dgustoysabor.it	0	200	
https://www.diablosaloon.com	0	200	
https://www.dgtno.it/centri-prova-autoveicoli/	0	200	
https://www.dimensione-arredamento.it	0	200	
https://www.dinamicoinnovation.it/coworking/	0	404	
https://www.discogs.com/it/user/bresciadischi	0	403	
https://www.dirupi.com	0	200	
https://www.danshensalutenaturale.it/	28		
https://www.dispensaemilia.it	0	302	/it/
https://www.diska.it/rifmontecugni.asp	0	200	
https://www.diska.it/rifcasinelloblumone.asp	0	200	
https://www.distributoricaffelife.it/	0	200	
https://www.dmagazine.it/	0	301	https://dmagazine.it/
https://www.dominiveneti.it/	0	301	https://dominiveneti.it/
https://www.divisesi.it	0	200	
https://www.despar.it/it/punto-vendita-despar/913/limone-sul-garda/	0	200	
https://www.donboscobrescia.it/	0	200	
https://www.doppiomalto.com/it/ristoranti/brescia/	0	200	
https://www.donlisander.it/	0	301	https://donlisander.it/
https://www.doppiomalto.com/it/ristoranti/legnano/	0	200	
https://www.doppiomalto.com/it/ristoranti/lentate-sul-seveso	0	301	https://www.doppiomalto.com/it/ristoranti/lentate-sul-seveso/
https://www.doroteedicemmo.it/comunita-suore-italia/	0	404	
https://www.drinkshop.it/	0	200	
https://www.doppiomalto.com/it/ristoranti/lonato-il-leone/	0	200	
https://www.ducati.com/it/it/concessionari/brescia/ducati-brescia	0	403	
https://www.drinkshoponline.com/	0	200	
https://www.dpmbrescia.com/	0	200	
https://www.dueangeli.it/	0	200	
https://www.duelaghicamping.com/	0	403	
https://www.duxiana.it/negozi/12899/pedersoli-notte	0	404	
https://www.dulac-limone.it/	0	200	
https://www.dylab.it/	0	200	
https://www.dufercotp.com/	0	200	
https://www.e-coop.it/scegli-il-tuo-negozio/negozi-e-promozioni/5864/Busto-Garolfo	0	301	https://www.coop.it/scegli-il-tuo-negozio/negozi-e-promozioni/5864/Busto-Garolfo
https://www.e-coop.it/scegli-il-tuo-negozio/negozi-e-promozioni/4152/cerro-maggiore	0	301	https://www.coop.it/scegli-il-tuo-negozio/negozi-e-promozioni/4152/cerro-maggiore
https://www.e-coop.it/scegli-il-tuo-negozio/negozi-e-promozioni/4161/Legnano	0	301	https://www.coop.it/scegli-il-tuo-negozio/negozi-e-promozioni/4161/Legnano
https://www.e-musicanuova.com/	0	200	
https://www.ealalakegarda.com/	0	200	
https://www.ebikestorebrescia.it/	0	200	
https://www.easyvillage.eu/	0	200	
https://www.ecofilterservice.it/	0	200	
https://www.ecoenergianatura.it/	0	200	
https://www.edilprodotti.eu	0	301	/materialiedili/
https://www.ecostore.it/store/eco-store-varese/	0	200	
https://www.effea.it/	0	200	
https://www.egmgroup.it/	0	301	https://www.eredignutti.it/
https://www.elcom-italy.it/	6		
https://www.effebi.com/	0	302	/ita/404-error-page
https://www.ecomuseodellavalvarrone.it/museo-articoli/	0	301	https://www.ecomuseodellavalvarrone.it/museo-articoli-2/
https://www.elephantristorante.it/	0	301	https://elephantristorante.it/
https://www.elettricistadieci.it/	0	200	
https://www.eldosdelbec.com/	0	200	
https://www.elettromeccanicabergamini.it/	0	200	
https://www.elettropoint.com	0	200	
https://www.duebikestore.it	28		
https://www.elimast.it/it/	0	200	
https://www.elettricamente.org	0	200	
https://www.eliotecnicasnc.net/index.html	0	200	
https://www.elnosshopping.info	0	301	https://www.elnosshopping.info/it/
https://www.ellegi-service.it/index.html	0	200	
https://www.elfornerbrescia.eu	0	301	https://elfornerbrescia.eu/
https://www.emystore.com/eshop/cms/action/view/contentId/684277/	60		
https://www.emmevitechnologies.it	0	200	
https://www.ellebimymy.it	0	200	
https://www.enel.it/punto-enel/	0	302	https://www.enel.it/punto-enel
https://www.engim.org/	0	200	
https://www.enjoycafe.it/	0	403	
https://www.enjoysport.eu	0	200	
https://www.enotecaboero.it/	0	200	
https://www.enotecabonetti.it	0	200	
https://www.enricobartolini.net/ristorante-mudec-milano	0	301	/
https://www.erboristeriaalpestre.it	0	200	
https://www.erboristeriapuntobenessere.it/	0	403	
https://www.enotecabragiotto.it	0	200	
https://www.enotecalongo.it/	0	301	https://enotecalongo.it/
https://www.ermannobalzi.com/	0	200	
https://www.ersaf.lombardia.it/servizi/menu/dinamica.aspx?idArea=16993&idCat=16995&ID=21333	0	404	
https://www.espressichiari.it/	0	200	
https://www.emac-srl.it/	0	200	
https://www.espressotranslations.com/it/	0	200	
https://www.esselunga.it/cms/negozi/ricerca-negozi.PVE.html	0	301	https://www.esselunga.it/it-it/negozi.html
https://www.esselunga.it	0	301	https://www.esselunga.it/it-it/homepage.html
https://www.esselunga.it/cms/negozi/parafarmacia.html	0	301	https://www.esselunga.it/it-it/negozi.html
https://www.eseb.it	0	200	
https://www.esselunga.it/cms/negozi/ricerca-negozi.SAB.html	0	301	https://www.esselunga.it/it-it/negozi.html
https://www.esselunga.it/cms/negozi/ricerca-negozi.TRI.html	0	301	https://www.esselunga.it/it-it/negozi.html
https://www.esselunga.it/cms/negozi/ricerca-negozi.VAB.html	0	301	https://www.esselunga.it/it-it/negozi.html
https://www.esselunga.it/it-it/negozi/negozio.esselunga-di-como-camerlata.ATA.html	0	200	
https://www.esti.it/	0	301	https://esti.it/
https://www.esteticabeautyfemme.it/	0	200	
https://www.eurobet.it/it/	0	200	
https://www.eurasiaristorante.it/	0	403	
https://www.eurofeed.it/	0	302	https://www.eurofeed.tech/?lang=it
https://www.eurohoteledolo.com/	0	200	
https://www.estercar.it/	0	200	
https://www.euromach.com/	0	200	
https://www.euronics.it/punti-vendita/lombardia/san-vittore-olona/2924/	0	301	/store?storeId=8058669660839
https://www.euronics.it/store?storeId=8058669661638	0	200	
https://www.euronetworldwide.com/	0	301	http://www.euronet.com/
https://www.euromeetingtour.com/it/dettaglio-struttura/casa-santa-maria-al-tonale.php	0	200	
https://www.europacarrozzeria.it/	0	200	
https://www.europages.it/CANDELLI-AVV-TIZIANA/SEAC004888675-001.html	0	200	
https://www.europasilvella.it/	0	302	https://www.europasilvella.it/it
https://www.eurospin.it/	0	200	
https://www.eurospin.it/punti-vendita/brescia-s-polo/	0	200	
https://www.euroonesistemi.com/	6		
https://www.eurospin.it/punti-vendita/samarate-via-torino/	0	200	
https://www.experiencegrottedirescia.com/	0	200	
https://www.exclusiverent.com/	0	200	
https://www.explorersrl.it/	0	200	
https://www.fabbricainpedavena.it/it/locali/lissone/	0	301	https://fabbricainpedavena.it/it/locali/lissone/
https://www.exibia.it/	0	200	
https://www.extrabanca.com/la-banca-2/le-filiali/#brescia	0	200	
https://www.facebook.com/BottegaDellaBiciclettaDiCanedoli/	0	302	https://www.facebook.com/login/?next=https%3A%2F%2Fwww.facebook.com%2FBottegaDellaBiciclettaDiCanedoli%2F
https://www.facebook.com/Albatros.ilborgo/	0	302	https://www.facebook.com/login/?next=https%3A%2F%2Fwww.facebook.com%2FAlbatros.ilborgo%2F
https://www.facebook.com/Hosteria-La-Torretta-890670714310044/?ref=aymt_homepage_panel	0	302	https://www.facebook.com/login/?next=https%3A%2F%2Fwww.facebook.com%2FHosteria-La-Torretta-890670714310044%2F%3Fref%3Daymt_homepage_panel
https://www.facebook.com/LaGanea/	0	302	https://www.facebook.com/login/?next=https%3A%2F%2Fwww.facebook.com%2FLaGanea%2F
https://www.facebook.com/OsteriaPetronilla	0	302	https://www.facebook.com/login/?next=https%3A%2F%2Fwww.facebook.com%2FOsteriaPetronilla
https://www.facebook.com/MasTravelBrescia/	0	302	https://www.facebook.com/login/?next=https%3A%2F%2Fwww.facebook.com%2FMasTravelBrescia%2F
https://www.expohotelmilan.it/	0	200	
https://www.facebook.com/SantuarioErbivori/	0	302	https://www.facebook.com/login/?next=https%3A%2F%2Fwww.facebook.com%2FSantuarioErbivori%2F
https://www.facebook.com/altrove.birra	0	302	https://www.facebook.com/login/?next=https%3A%2F%2Fwww.facebook.com%2Faltrove.birra
https://www.facebook.com/SpritzBurgerDesenzano	0	302	https://www.facebook.com/login/?next=https%3A%2F%2Fwww.facebook.com%2FSpritzBurgerDesenzano
https://www.facebook.com/baruni.bs/	0	302	https://www.facebook.com/login/?next=https%3A%2F%2Fwww.facebook.com%2Fbaruni.bs%2F
https://www.facebook.com/brecycling.ciclofficina/	0	302	https://www.facebook.com/login/?next=https%3A%2F%2Fwww.facebook.com%2Fbrecycling.ciclofficina%2F
https://www.facebook.com/bizarrebrescia/	0	302	https://www.facebook.com/login/?next=https%3A%2F%2Fwww.facebook.com%2Fbizarrebrescia%2F
https://www.facebook.com/groups/116815610476/?locale=it_IT	0	302	https://www.facebook.com/login/?next=https%3A%2F%2Fwww.facebook.com%2Fgroups%2F116815610476%2F%3Flocale%3Dit_IT
https://www.facebook.com/dolcesalato.company	0	302	https://www.facebook.com/login/?next=https%3A%2F%2Fwww.facebook.com%2Fdolcesalato.company
https://www.facebook.com/distributorepasquato/	0	302	https://www.facebook.com/login/?next=https%3A%2F%2Fwww.facebook.com%2Fdistributorepasquato%2F
https://www.facebook.com/ilgrillo91/	0	302	https://www.facebook.com/login/?next=https%3A%2F%2Fwww.facebook.com%2Filgrillo91%2F
https://www.facebook.com/isabelvegastavernola	0	302	https://www.facebook.com/login/?next=https%3A%2F%2Fwww.facebook.com%2Fisabelvegastavernola
https://www.facebook.com/milanitessuti/	0	302	https://www.facebook.com/login/?next=https%3A%2F%2Fwww.facebook.com%2Fmilanitessuti%2F
https://www.facebook.com/oppollbar/?locale=it_IT	0	302	https://www.facebook.com/login/?next=https%3A%2F%2Fwww.facebook.com%2Foppollbar%2F%3Flocale%3Dit_IT
https://www.facebook.com/macelleriacare2015/	0	302	https://www.facebook.com/login/?next=https%3A%2F%2Fwww.facebook.com%2Fmacelleriacare2015%2F
https://www.facebook.com/pages/44-Rosso/184611814929825	0	200	
https://www.facebook.com/pages/Cremeria-Bulian/191657420891794?sk=info	0	302	https://www.facebook.com/100066721293704/info/
https://www.facebook.com/pages/ROADHOUSE-CAFE/326329851329	0	200	
https://www.facebook.com/parcobargardone/	0	302	https://www.facebook.com/login/?next=https%3A%2F%2Fwww.facebook.com%2Fparcobargardone%2F
https://www.facebook.com/people/Casa-del-Popolo/100054484808769/	0	200	
https://www.facebook.com/people/Bar-Obliquo/61572206535286/	0	200	
https://www.facebook.com/people/Il-Grappolo-frutta-e-verdura/100057378343239/	0	200	
https://www.facebook.com/people/Il-Sognatore-gastronomia/100063530621925/	0	200	
https://www.facebook.com/people/Mercatino-Carmine-Amemos/61560017725003/	0	200	
https://www.facebook.com/people/Pasticceria-Forneria-Belotti/100027949044974/	0	200	
https://www.facebook.com/people/Studio-Immagine-da-Miky/100035337592413/	0	200	
https://www.facebook.com/people/SD-WORLD-Brescia/100057007787624/	0	200	
https://www.facebook.com/piadineriapitstop/	0	302	https://www.facebook.com/login/?next=https%3A%2F%2Fwww.facebook.com%2Fpiadineriapitstop%2F
https://www.facebook.com/protezionecivilecevo	0	302	https://www.facebook.com/login/?next=https%3A%2F%2Fwww.facebook.com%2Fprotezionecivilecevo
https://www.facebook.com/profumeriagemmacosmeticibiologici	0	302	https://www.facebook.com/login/?next=https%3A%2F%2Fwww.facebook.com%2Fprofumeriagemmacosmeticibiologici
https://www.facebook.com/people/Tutto-Extension/100063463242902/	0	200	
https://www.facebook.com/tavernadipaola/	0	302	https://www.facebook.com/login/?next=https%3A%2F%2Fwww.facebook.com%2Ftavernadipaola%2F
https://www.facebook.com/wowphilippinessnc/	0	302	https://www.facebook.com/login/?next=https%3A%2F%2Fwww.facebook.com%2Fwowphilippinessnc%2F
https://www.facebook.com/trattoriadafopela/	0	302	https://www.facebook.com/login/?next=https%3A%2F%2Fwww.facebook.com%2Ftrattoriadafopela%2F
https://www.fairouzmilano.com/	0	200	
https://www.falegnameria-ocello.it/	6		
https://www.falegnameriadanesi.com/	6		
https://www.fakt.it/	0	200	
https://www.fairmade.it	0	200	
https://www.falegnamerialocati.com/	0	200	
https://www.famila.it/punti-vendita/lombardia/famila-busto-arsizio/offerte-volantino	0	301	/famila-nord/punti-vendita/lombardia/famila-busto-arsizio
https://www.famila.it/	0	200	
https://www.famila.it/famila/punti-vendita/Lombardia/famila-orzinuovi_59.html	0	404	
https://www.famila.it/punti-vendita/lombardia/famila-canzo	0	301	/famila-nord/punti-vendita/lombardia/famila-canzo
https://www.fanuc.eu/it/it	0	301	/it-it/
https://www.famila.it/punti-vendita/lombardia/famila-cavaria	0	301	/famila-nord/punti-vendita/lombardia/famila-cavaria
https://www.famila.it/punti-vendita/lombardia/famila-castronno	0	301	/famila-nord/punti-vendita/lombardia/famila-castronno
https://www.farmaciabodini.it/	6		
https://www.farmaciabuatier.it/	0	200	
https://www.farmaciacavadini.it/	0	200	
https://www.farmaciacaponati.it/	0	200	
https://www.farmaciacastello.it/	0	200	
https://www.farmaciadegiuli.it/	0	200	
https://www.farmaciacomunale2montichiari.it	0	200	
https://www.farmaciadei5mulini.it	0	405	
https://www.farmaciacomunalevillacarcina.it	0	301	https://www.asfbrescia.it/farmacia-comunale-villa-carcina/
https://www.farmaciaferrarinisnc.it/	0	200	
https://www.farmaciafacchibrescia.com	0	200	
https://www.farmaciadellolmina.it	0	200	
https://www.farmaciagallaratese.it	6		
https://www.farmaciaferraristore.it/	0	200	
https://www.farmaciaingardi.com/	0	200	
https://www.farmaciaferrettibrescia.it	0	200	
https://www.farmaciamaffeis.it	6		
https://www.farmaciaitigli.com	0	200	
https://www.facileristrutturare.it/sedi/milano-lambrate/	28		
https://www.farmaciamarsiglio.com/	0	200	
https://www.farmaciaospedalebrescia.it/	0	200	
https://www.farmaciarubattino.it/	0	200	
https://www.farmaciasagata.it	0	200	
https://www.farmaciasaleri.it/	0	200	
https://www.farmaciaporro.it	0	200	
https://www.farmaciasantifaustinoegiovita.com	6		
https://www.farmaciaschiavo.com/	0	301	https://farmaciaschiavo.com/
https://www.farmaciasimonatti.it	0	200	
https://www.farmaciasalvibrescia.com/	0	200	
https://www.farmaciasanlorenzoparabiago.it	0	200	
https://www.farmaciavincoli.it/	0	301	http://www.farmaciavincoli.it/
https://www.farmaciatita.it/	0	200	
https://www.farmaciagranparadiso.it/	28		
https://www.favaroarredamenti.it	0	301	https://www.arredamentifavaro.com/
https://www.federfarma.brescia.it	0	403	
https://www.federfarma.brescia.it/	0	403	
https://www.fasciadoroshopping.com	0	200	
https://www.fenilquestini.com/home	6		
https://www.felicemartinelli.com/	0	403	
https://www.farmaciasozzi.it/	0	200	
https://www.ferienwohnungen-gargnano.de/	0	301	https://borgodeilimoni.it/de/
https://www.ferramentafaba.it	0	200	
https://www.ferriluigi.com/	0	200	
https://www.ferramentamilaniidro.it/	0	200	
https://www.ficomaeco.com	0	200	
https://www.ferrariodistribuzione.it	0	200	
https://www.ffcim.org/it/	0	200	
https://www.fi-ba.com/	0	200	
https://www.filcronet.it	0	200	
https://www.figenpa.it/filiale/prestiti-brescia/	0	200	
https://www.finestra2000.it/	0	200	
https://www.fiordipanna.com/negozio-di-arese/	0	200	
https://www.firststop.it/view/POS/Desenzano%20del%20Garda	0	404	
https://www.fitactive.it/i-club/BresciaViaOberdan.php	0	200	
https://www.fivl.it/eventi/47-01-manifestazioni/2046-trasferta-a-bigsur-skypark-10-dicembre-2017-gardone-riviera-brescia	0	403	
https://www.fitactive.it/i-club/BustoArsizio.php	0	200	
https://www.five-c.com/	0	200	
https://www.flacspace.com/cernusco/	0	200	
https://www.flaemnuova.it/	0	301	https://www.flaemnuova.it/it/
https://www.flemingtecna.com	0	200	
https://www.flickr.com/photos/gabarra/437433304	0	200	
https://www.fllironchinimeccanica.com/	0	200	
https://www.flavourofindia-gallarate.it	0	200	
https://www.florarici.it/it/	0	301	https://www.florarici.it/it/10-reparti
https://www.fiorinicalzature.it/	0	200	
https://www.fllimori.com/	0	200	
https://www.flowerburger.it/negozi/flower-burger-bergamo-2/	0	200	
https://www.flowerburger.it	0	200	
https://www.fluidmec.it/	7		
https://www.floydpub.it	0	200	
https://www.flyingfrogstignale.com/garda/parco-avventura.html	0	301	https://www.flyingfrogstignale.com
https://www.flowerburger.it/negozi/flower-burger-milano-bicocca/	0	301	https://www.flowerburger.it/en/?post_type=stores&p=7352
https://www.flyingfrogstignale.com/lake-garda/en-home.html	0	200	
https://www.fonda56.com	0	200	
https://www.fondazionecarettoni.com	0	200	
https://www.fmserviceonline.it	0	301	https://fmserviceonline.it/
https://www.fondazionecominelli.com/	0	200	
https://www.fondazionefalck.it/	0	200	
https://www.fondazionemicheletti.eu/	0	200	
https://www.fondazionebssolidale.it/i-nostri-servizi/	0	200	
https://www.fondazionepaoladirosa.it/rsa/mons-faustino-pinzoni/descrizione-mons-pinzoni	0	404	
https://www.fondazionepaoladirosa.it/rsa/villa-di-salute/descrizione-villa-di-salute	0	404	
https://www.fondoambiente.it/luoghi/villa-e-collezione-panza	0	301	https://fondoambiente.it:443/luoghi/villa-e-collezione-panza
https://www.fondazionesangiovannionlus.it/	0	301	https://fondazionesangiovannionlus.it/
https://www.fondital.com/	0	302	https://www.fondital.com/ww/en/
https://www.fotoarcobaleno.it/	0	301	https://marcoangeri.it/
https://www.fornointegrale.it	0	200	
https://www.fotosbardolini.com/	0	200	
https://www.fornella.it/	0	200	
https://www.fotoclubombriano.it/pagina-iniziale	0	200	
https://www.flyfishingbs.it/	0	200	
https://www.foundrestaurant.com/foundberegazzo	0	301	https://foundrestaurant.com/foundberegazzo
https://www.francescaserramenti.it/	0	200	
https://www.franciacortagolfclub.it/	0	200	
https://www.francacontea.it/	0	301	https://francacontea.it/
https://www.franciacortaoutlet.it/it/home	0	301	http://www.franciacortavillage.it/it/home
https://www.franzoniautoservizi.it/	0	200	
https://www.freebodyclub.it/	0	301	https://freebodyclub.it/
https://www.frescotrattoria.it/fresco-sempione-milano/	0	301	https://frescotrattoria.it/fresco-sempione-milano/
https://www.franzemobili.com/	0	200	
https://www.fullshade.it/	0	200	
https://www.friscoshop.it/	0	301	https://friscoshop.it/
https://www.fulairamenvarese.it	0	200	
https://www.fullstoppub.it	0	200	
https://www.fusaridistribuzione.it/	0	200	
https://www.gadgetgroup.it/	0	301	https://gadget.group/
https://www.funicolarecomo.it	0	200	
https://www.galaello.com/	0	200	
https://www.gabel1957.com/it_it/storelocator/index/view/id/1504/	0	302	https://www.gabel1957.com/en_it/
https://www.gallasgroup.it/contatti/agenzia-badanti-brescia/	0	200	
https://www.galvanicolor.it/	0	200	
https://www.fratellicozzi.it/	0	200	
https://www.gambariitalia.it/	60		
https://www.gamepeople.it/index.php?id=pages&page=dettaglio_pv&pv=00048973	60		
https://www.gamteam.it/	0	200	
https://www.gamesacademy.it/varese/	0	200	
https://www.gangsrehab.it/	0	200	
https://www.gardabusiness.it	0	301	https://www.gardabusiness.it/
https://www.gardacampingmos.it/	0	200	
https://www.gardaagricamper.it/	0	200	
https://www.galliziolipasticceria.com/chi-siamo/gallizioli-collebeato.html	0	404	
https://www.gardaflor.it/	0	200	
https://www.gardagolf.it/	0	301	https://gardagolf.it/
https://www.gardagolf.it	0	301	https://gardagolf.it/
https://www.galliziolipasticceria.com/orzinuovi/	0	200	
https://www.gardailmelograno.it/	0	301	./it/
https://www.gardasee-hotel-caravel.de/	0	301	https://www.caravellimone.it/
https://www.gardatourism.it/chiesa-di-santa-caterina/	0	200	
https://www.gardeniagardasee.com/	0	200	
https://www.gardenhouse-borno.it/	0	200	
https://www.gardennauticabelloni.it/	6		
https://www.gardenlacolorina.com	0	200	
https://www.gardenshoppasini.it/	0	200	
https://www.gardentourist.it/	0	200	
https://www.garibaldinacalzature.it	0	301	https://garibaldinacalzature.it/
https://www.gasparina.org/	0	200	
https://www.gatspa.it/	0	302	https://www.gatspa.it/it
https://www.gattascavi.it/	0	200	
https://www.gbcitalia.it/	0	301	https://obelettronica.it/
https://www.geatrasporti.it	0	200	
https://www.gefran.com	0	200	
https://www.gelateriadanesi.it	0	200	
https://www.gardaminiera.it/	28		
https://www.gardaminiera.it/jack-el-moro/	28		
https://www.gelateriaromana.com/22-gelateria-sala2.php	0	200	
https://www.gelateriapinko.it/	0	200	
https://www.gelateriaromana.com/61-gelateria-brescia.php	0	200	
https://www.gelaterieazzurra.it/	60		
https://www.gemmiluci.it	0	200	
https://www.gelateriarossetti.it	0	200	
https://www.ghf.it/	0	403	
https://www.gest-impianti.it/	0	200	
https://www.ghidini.com/	0	301	https://ghidini.com/
https://www.ghisleri.net	0	200	
https://www.geminirx.it/	0	301	https://geminirx.it/
https://www.generalnautica.it/	0	301	https://generalnautica.it/
https://www.ghiringhelliezio.it	0	200	
https://www.gianlucamazzolini.it/	0	301	https://www.personal-trainer.brescia.it/
https://www.giangusto.it/	0	200	
https://www.giardinodegliangeli.net/casa-funeraria-legnano	0	405	
https://www.gianpietrorovetta.it/	0	200	
https://www.giglionavazzo.com/	0	403	
https://www.giara.info/	0	200	
https://www.giacobbeautomobili.com/	0	200	
https://www.giarinlabottega.it	60		
https://www.gilmoda.it	0	200	
https://www.gingercocktailab.it/	0	403	
https://www.gioiellidivalenza.com/gioiellerie/gioielleria-chiari-gioielli-di-valenza/	0	301	https://www.gioiellidivalenza.com/it/gv/59/gioielleria-chiari-gioielli-di-valenza
https://www.gioielleriaduerre.it/	92	200	
https://www.gilena.it/	0	200	
https://www.giorgiomarandola.com	0	200	
https://www.giornaledibrescia.it/	0	200	
https://www.gites.fr/gites_la-terrazza-sul-lago-gtsgroup_tignale_h4165782_de.htm	0	405	
https://www.giordanofood.it/	0	200	
https://www.giunglapark.com	0	200	
https://www.giuntialpunto.it/librerie/brescia-bs-70004	0	301	https://giuntialpunto.it/pages/libreria/brescia-bs-70004
https://www.glassdrive.it/glassdrive-nerviano	0	403	
https://www.giolina.it	0	301	https://giolina.it/
https://www.giulianomauri.com/test/ponte-di-s-vigilio/	0	200	
https://www.globomoda.com/puntivendita/dettagli_puntovendita2.php?id=88	0	200	
https://www.gls-italy.com//	0	303	https://gls-group.com/IT/it/home
https://www.gls-italy.com/	0	303	https://gls-group.com/IT/it/home
https://www.gobbifrattini.com/index.php	0	200	
https://www.gnarimompia.it/	0	301	https://gnarimompia.it/
https://www.gogolandcompany.com	0	200	
https://www.golfclub-boutique.com/	0	301	https://www.golfclub-boutique.com/en
https://www.globalsmile.net/	0	200	
https://www.grandhotelgardone.it/	0	301	https://www.grandhotelgardone.it/it/
https://www.grandvision.it/it-it	0	301	https://www.grandvision.it/
https://www.graninbottega.it	0	200	
https://www.granpizzacomo.it	0	200	
https://www.golfbogliaco.com/	0	200	
https://www.granteatromorato.com/	0	302	https://zedlive.com/
https://www.greekfusion.it	6		
https://www.greiner.it/	0	200	
https://www.gov.uk/world/organisations/british-consulate-general-milan	0	200	
https://www.granulativertova.it/	0	200	
https://www.groundjack.it/	0	200	
https://www.grembikehostel.it/	0	200	
https://www.grillinnstore.it	0	200	
https://www.gruppobossoni.it/sedi/gruppo-bossoni-rezzato/	0	301	https://www.gruppobossoni.it/contatti
https://www.gruppobossoni.it/	0	200	
https://www.gruppocarmeli.com/sedi/autospazio/	0	200	
https://www.gruppor.it/	0	200	
https://www.grupposellaodv.it	0	200	
https://www.gymnasiumclub.net/chiari/	0	200	
https://www.habitatitaliana.it/	0	200	
https://www.happybikeonline.it/	0	301	https://happybikeonline.it/
https://www.hamburgheria.eu	0	200	
https://www.gpinformatica.com/	28		
https://www.harleybrescia.com/	0	200	
https://www.hellofit.it/studio/hellofit-brescia-nord/	0	301	https://www.hellofit.it/studio/hellofit-brescia-nord
https://www.happydayludoteca.it	0	200	
https://www.hghotels.com/en/garda-suite-hotel.htm	0	301	https://www.horstmannhotels.com/en/
https://www.hastens.com/it/retail/italy/brescia/viaugoni	0	200	
https://www.hghotels.com/it/hotel-all-azzurro.htm	0	301	https://www.horstmannhotels.com/
https://www.hi-poke.com/	0	302	https://expireddomains.com/domain/hi-poke.com
https://www.hilton.com/en/hotels/vrnbrdi-doubletree-brescia/	0	403	
https://www.hilton.com/en/hotels/mxpcohi-hilton-lake-como/?WT.mc_id=zRBSE0IT1HI2NaturalSearch3Google_LGHotelListing4DGGeneric_Feb5LocalSearch6MXPCOHI7EN8i1	0	403	
https://www.holidayapartmentbrescia.com/	6		
https://www.holalaweb.net/	0	403	
https://www.hoepli.it	0	200	
https://www.grunoleggio.com/	0	301	https://expireddomains.com/domain/grunoleggio.com
https://www.hongkongcucciago.it	0	200	
https://www.horstmannhotels.com/hotel-e-camping/camping-toscolano	0	404	
https://www.horstmannhotels.com/hotel-e-camping/camping-fontanelle	0	404	
https://www.hostariamontenetto.it/	6		
https://www.hosterialascogliera.it	6		
https://www.hostariamilago.com/	0	301	https://hostariamilago.com/
https://www.hotel-bb.com/es/hotel/brescia	0	403	
https://www.hotel-ami.it/h-153845-D/details/hotel-garden-in-toscolano-maderno.htm	0	301	https://www.hotel-ami.com/h-153845-D/details/hotel-garden-in-toscolano-maderno.htm
https://www.hosterietta.com	0	200	
https://www.hotel-desiree.it/	0	200	
https://www.hotelavio.it/	0	200	
https://www.hotelavogadro.it	0	200	
https://www.hotelarena.it	0	200	
https://www.hotelbogliaco.it/	0	301	https://www.hotelbogliaco.com/
https://www.hotel-zodiaco.it/	0	200	
https://www.hotelbezzi.com/	0	200	
https://www.hotelbellevuegardone.com/	0	301	https://www.hotelbellevuegardone.com/en/
https://www.hotelbonottodesenzano.it/	0	200	
https://www.hotelbroglia.it	0	200	
https://www.hotelcatullo.it	0	200	
https://www.hotelcaserena.net/	0	200	
https://www.hotelclodiasirmione.it/	0	200	
https://www.hotelcoste.com/	0	200	
https://www.hotelborgovico.it/	0	200	
https://www.hotelcittadeimille.it/	0	301	https://hotelcittadeimille.it/
https://www.hoteldeglioleandri.it/	0	301	https://hoteldeglioleandri.it/
https://www.hoteldellavolta.com/	0	200	
https://www.hotelcristalsirmione.com	0	302	https://hotelcristalsirmione.com/it/
https://www.hotelfaro.com/	0	200	
https://www.hoteldogana.it/	0	200	
https://www.hotelduparcsirmione.it/	0	200	
https://www.hotelgarnialtavalle.it/	6		
https://www.hotelfieradibrescia.it/	0	200	
https://www.hoteledensirmione.it	0	200	
https://www.hotelginepro.com/	0	200	
https://www.hoteligea.net	0	200	
https://www.hoteligea.net/ristorante	0	200	
https://www.hotelilmelogranosirmione.it/	0	301	https://residenceilmelograno.it/
https://www.hotelflaminia.it	0	200	
https://www.hotellafenice.it/	0	200	
https://www.hotelidealsirmione.it	0	301	https://hotelidealsirmione.it/
https://www.hotellaterrazzina.com/	0	200	
https://www.hotellimone.it/	0	200	
https://www.hotelmarcheno.it/	0	200	
https://www.hotelmarconi.net	60		
https://www.hotellapaul.it/	0	200	
https://www.hotelmeandro.it/	0	301	https://www.hotelmeandro.it/en/
https://www.hotelnazionaledesenzano.it/	0	200	
https://www.hotelmilano.bs.it	0	302	https://www.hotelmilano.bs.it/it/
https://www.hotelmeridianasirmione.com/	0	200	
https://www.hoteloasiverde.it/	0	200	
https://www.hotelolivi.com	0	200	
https://www.hotelsanmarcoboario.it/	0	200	
https://www.hotelsanpietrobormio.it/	0	200	
https://www.hotelpegra.com/	0	301	https://hotelpegra.com/
https://www.hotelmetropolesuisse.com	0	200	
https://www.hotelsaviola.it	0	200	
https://www.hotelspiaggiadoro.com/	0	200	
https://www.hotelvillacortine.com/	0	200	
https://www.hotelvillamariasirmione.it/	0	200	
https://www.hrmiramonti.it	6		
https://www.hotelsciatori.eu	0	301	https://www.hotelsciatori.eu/it/
https://www.hualimarket.it/	0	200	
https://www.hotelvittoria.com/	0	200	
https://www.hutfit.com/hutfit-roncadelle	0	200	
https://www.humanaitalia.org/	0	200	
https://www.hydrasrl.it	0	200	
https://www.ialombardia.it/	0	200	
https://www.icbotticino.gov.it/	6		
https://www.icaro2000.com/Atterraggio/Atterraggio-it.htm	0	200	
https://www.icbovezzo.edu.it/la-scuola/organizzazione/scuolaistituto/scuola-secondaria-di-primo-grado-vivaldi	0	200	
https://www.iblbanca.it	0	200	
https://www.iccentro3.edu.it/la-scuola/organizzazione/scuolaistituto/scuola-primaria-crispi	0	404	
https://www.icgrossitreviglio.edu.it/secondaria-grossi/	0	200	
https://www.icgrossitreviglio.edu.it/infanzia-rodari/	0	200	
https://www.iclam.it/	0	200	
https://www.icgrossitreviglio.edu.it/primaria-battisti/	0	200	
https://www.icinduno.edu.it/primaria-don-milani	0	404	
https://www.icovest1brescia.edu.it/plessi/infanzia-passo-gavia	0	410	
https://www.icmonteorfano.edu.it/	0	200	
https://www.icmorzenti.edu.it/wp/struttura/scuola-primaria-leonardo-da-vinci-di-caselle-lurani/	0	200	
https://www.icovest1brescia.edu.it/plessi/primaria-divisione-acqui	0	410	
https://www.icsbonvesin.edu.it/pagine/primaria-de-amicis/	0	200	
https://www.hotelresidenceholiday.it/	28		
https://www.icscarpa.edu.it/	0	200	
https://www.icpaladina.edu.it/luoghi?id=952	0	200	
https://www.idealauto.it/	0	200	
https://www.idras.com/	0	200	
https://www.idea-rent.it/	0	200	
https://www.idueroccoli.com/	0	200	
https://www.iginiomassari.it	0	103	
https://www.igeapoliambulatoribrescia.it/	0	200	
https://www.iksen.it/	0	301	https://www.iksen.it/it/
https://www.il-bambino-gesu.com/	0	200	
https://www.igradoni.it	0	200	
https://www.ilcamminoprodottibiologici.it/	0	403	
https://www.ilbagnolo.it/	0	200	
https://www.ilcavaliere.bio/	6		
https://www.ilcentrale.net/	0	200	
https://www.ilcolombaro.com	0	301	https://www.ilcolombaro.com/en/
https://www.ildiavololacquasanta.it	0	200	
https://www.ilfungobio.it/	0	200	
https://www.ilfioredizucca.it/	0	200	
https://www.ideasalute.org/	0	301	https://ideasalute.org/
https://www.icspoloovest.edu.it/plessi/infanzia-arcobaleno	28		
https://www.ilgigantecentricommerciali.it/it/castano	0	404	
https://www.ilgigante.net/cerca-punto-vendita/risultato-ricerca-punti-vendita/scheda-punto-vendita/?punto=63	0	301	https://ilgigante.net/cerca-punto-vendita/risultato-ricerca-punti-vendita/scheda-punto-vendita/?punto=63
https://www.illaccio.it/	0	302	https://www.illaccio.it/it
https://www.ilpuntodizane.com/	0	403	
https://www.illaccio.it/it	0	200	
https://www.ilpapis.com/	0	200	
https://www.ilregnodelcinema.com/multisalaportanova/	0	200	
https://www.ilregnodelcinema.com/multisalaoz/	0	200	
https://www.ilibridimauro.it	0	200	
https://www.ilregnodelcinema.com/multisalawiz/	0	302	/generic/landing.php
https://www.ilregnodelcinema.com/sociale/	0	200	
https://www.ilrivale.it/	0	301	https://ilrivale.it/
https://www.ilsalumaiodimontenapoleone.it/caf%C3%A9-bistrot-gallery	0	200	
https://www.ilsalumaiodimontenapoleone.it/	0	200	
https://www.ilsocialclub.com/	0	200	
https://www.imbutiturapbl.it/	0	200	
https://www.immobiliarecasanova.com	0	200	
https://www.ilsantellone.it/	0	200	
https://www.improntabirraia.it	6		
https://www.imp-pasotti.it/	0	200	
https://www.iltronodelpavone.it	0	200	
https://www.impresadipuliziebresciana.it/	0	200	
https://www.infactorylab.com	0	301	https://infactorylab.com/
https://www.incisionizanelli.it/	0	200	
https://www.infermenta.it	0	200	
https://www.infrarodon.com	0	200	
https://www.inas.it/	0	200	
https://www.ingalera.it	0	200	
https://www.instagram.com/artemisia_brescia/	0	302	https://www.instagram.com/accounts/login/?next=https%3A%2F%2Fwww.instagram.com%2Fartemisia_brescia%2F&is_from_rle
https://www.insmercato.it/	0	200	
https://www.instagram.com/cantiere_bar/	0	302	https://www.instagram.com/accounts/login/?next=https%3A%2F%2Fwww.instagram.com%2Fcantiere_bar%2F&is_from_rle
https://www.instagram.com/liam.onemore/	0	302	https://www.instagram.com/accounts/login/?next=https%3A%2F%2Fwww.instagram.com%2Fliam.onemore%2F&is_from_rle
https://www.instagram.com/dalpiasarot/	0	302	https://www.instagram.com/accounts/login/?next=https%3A%2F%2Fwww.instagram.com%2Fdalpiasarot%2F&is_from_rle
https://www.instagram.com/m.nails668/	0	302	https://www.instagram.com/accounts/login/?next=https%3A%2F%2Fwww.instagram.com%2Fm.nails668%2F&is_from_rle
https://www.insmercato.it/punti-vendita/citta-vailate/	0	200	
https://www.instagram.com/mesceriaselvatica/	0	302	https://www.instagram.com/accounts/login/?next=https%3A%2F%2Fwww.instagram.com%2Fmesceriaselvatica%2F&is_from_rle
https://www.internationalcamping.com/	0	200	
https://www.integratoripoint.com/	0	200	
https://www.insubriageo.it/	0	200	
https://www.internationalsirmione.com/en/hotel-alfieri-sirmione/	0	200	
https://www.intensamentecoccolati.com	0	301	https://intensamentecoccolati.com/
https://www.internationalkartindoormoniga.it/	0	200	
https://www.inwild.it/	0	403	
https://www.intesegrafiche.it/	0	200	
https://www.intimondo.it	0	200	
https://www.iper.it/lonato	0	301	/punti-vendita/lonato/
https://www.iper.it/parafarmacia-lonato/iper-farma.htm	0	301	/servizi/salute/iper-farma/
https://www.iperceramica.it/	0	200	
https://www.iperceramica.it/it/ita/negozi/pavimenti-parquet-arredo-bagno-sanitari-legnano	0	301	https://www.iperceramica.it/it/ita/negozi/iperceramica-varese-castellanza
https://www.iperal.it	0	200	
https://www.iperal.it/IL-MONDO-IPERAL/Territorio/Provincia-di-COMO/Como	0	404	
https://www.inxpect.com/en/	0	200	
https://www.iphonedude.it	0	200	
https://www.irossidicigole.it	0	200	
https://www.iseodental.it/	0	200	
https://www.iseolagohotel.it/	0	200	
https://www.ishue.it/	0	405	
https://www.iseobike.com/	0	301	https://iseobike.com/
https://www.isicomsrl.it/	0	200	
https://www.iperuvià.com	0	301	https://xn--iperuvi-fwa.com/
https://www.isocontrolli.it/	0	200	
https://www.isoladeitesori.it/store/busto-arsizio-va-corso-sempione-194-1-81724.html	0	200	
https://www.isoladeitesori.it/store/caravaggio-bg-via-mozzanica-89543.html	0	200	
https://www.istitutomusicaleradaelli.it	6		
https://www.islandfunvillage.it/	0	200	
https://www.istitutodonadoni.edu.it/luogo/sede-largo-colle-aperto/	0	404	
https://www.istitutotumori.mi.it/amedeo-lab	0	404	
https://www.italmark.it/puntivendita/italmark-azzano-mella-via-niga-60/	0	200	
https://www.italmark.it/puntivendita/italmark-bagnolo-mella-viale-stazione-24/	0	200	
https://www.italmark.it/puntivendita/italmark-bedizzole-via-benaco-115/	0	200	
https://www.istitutomantegna.edu.it/	0	200	
https://www.italmark.it/puntivendita/italmark-boario-terme-via-fausto-cadeo-56/	0	200	
https://www.italmark.it/puntivendita/italmark-brescia-piazza-vittoria/	0	200	
https://www.italmark.it/puntivendita/italmark-brescia-via-albertano-da-brescia-5/	0	200	
https://www.italmark.it/puntivendita/italmark-brescia-via-cefalonia-77/	0	200	
https://www.italmark.it/puntivendita/italmark-brescia-via-vivanti-31/	0	200	
https://www.italmark.it/puntivendita/italmark-brescia-via-don-vender-18/	0	200	
https://www.italmark.it/puntivendita/italmark-brescia-viale-sant-eufemia-108e/	0	200	
https://www.italmark.it/puntivendita/italmark-capriolo-via-delle-ninfee-6-8/	0	200	
https://www.italmark.it/puntivendita/italmark-carpenedolo-via-pozzi-5/	0	200	
https://www.italmark.it/puntivendita/italmark-chiari-via-brescia-31/	0	200	
https://www.italmark.it/puntivendita/italmark-desenzano-del-garda-via-marconi-126/	0	200	
https://www.italmark.it/puntivendita/italmark-ghedi-via-papa-giovanni-xxiii-30/	0	200	
https://www.italmark.it/puntivendita/italmark-gussago-via-richiedei-59/	0	200	
https://www.italmark.it/puntivendita/italmark-iseo-via-roma-82a/	0	200	
https://www.italmark.it/puntivendita/italmark-isorella-via-brescia-sp24/	0	200	
https://www.italmark.it/puntivendita/italmark-leno-via-brescia-1a/	0	200	
https://www.italmark.it/puntivendita/italmark-manerbio-via-totti-1/	0	200	
https://www.italmark.it/puntivendita/italmark-moniga-del-garda-via-san-giovanni-32/	0	200	
https://www.italmark.it/puntivendita/italmark-montirone-via-circonvallazione/	0	200	
https://www.italmark.it/puntivendita/italmark-ospitaletto-via-padana-superiore-165/	0	200	
https://www.italmark.it/puntivendita/italmark-orzinuovi-via-adua-35/	0	200	
https://www.italmark.it/puntivendita/italmark-nave-via-don-filippo-bassi-5a/	0	200	
https://www.italmark.it/puntivendita/italmark-palazzolo-sull-oglio-via-monsignor-piccinelli-52/	0	200	
https://www.italmark.it/puntivendita/italmark-palazzolo-sulloglio-2-via-san-pancrazio-14/	0	200	
https://www.italmark.it/puntivendita/italmark-pralboino-via-dante-90/	0	200	
https://www.italmark.it/puntivendita/italmark-pisogne-via-della-repubblica-1/	0	200	
https://www.italmark.it/puntivendita/italmark-roccafranca-via-francesca-nord-2/	0	200	
https://www.italmark.it/puntivendita/italmark-roe-volciano-via-marconi-56/	0	200	
https://www.italmark.it/puntivendita/italmark-sarezzo-via-petrarca-171/	0	200	
https://www.italmark.it/puntivendita/italmark-salo-2-piazzale-martiri-della-liberta/	0	200	
https://www.italmark.it/puntivendita/italmark-sirmione-via-brescia-81/	0	200	
https://www.italmark.it/puntivendita/italmark-sonico-via-nazionale-48/	0	200	
https://www.italmark.it/puntivendita/italmark-vestone-via-rinaldini-23/	0	200	
https://www.italmark.it/puntivendita/italmark-verolanuova-via-circonvallazione-29/	0	200	
https://www.italmark.it/puntivendita/italmark-villanuova-sul-clisi-via-zanardelli-79/	0	200	
https://www.iutabistrot.com/	0	200	
https://www.itiscastelli.it/	0	200	
https://www.italmark.it/puntivendita/italmark-vobarno-via-chiusure-16/	0	200	
https://www.ittrio.com/	0	200	
https://www.ivars.it	0	302	/it/
https://www.kaleikos.it	0	200	
https://www.kanjimilano.it/	60		
https://www.kasanova.com/it/	0	308	https://www.kasanova.com/it
https://www.jazzcafe.it/	0	301	https://jazzcafe.it/
https://www.kfc.it/	0	200	
https://www.kisenbusto.com/	0	403	
https://www.koaladelizie.it	6		
https://www.korallohotelborno.it/	6		
https://www.kas.de/de/web/villalacollina	0	200	
https://www.la-pernice.it/	7		
https://www.lab-e.it/torrente-agna-vobarno/	60		
https://www.krunaturalcheese.com/latteria-del-carmine/	0	200	
https://www.labaraccapassotonale.com/	0	302	https://www.labaraccapassotonale.com/en
https://www.l-agricola.com/	0	200	
https://www.labellaginapizza.com/	0	302	https://expireddomains.com/domain/labellaginapizza.com
https://www.labaitaispra.it	0	200	
https://www.labellealliance.it	0	200	
https://www.lacalchera.it/	6		
https://www.lacampagnolainduno.it	0	200	
https://www.lacasadeglienigmi.com/	0	200	
https://www.lacasadeldolcebarone.it/	6		
https://www.lacasupola.it	0	200	
https://www.labrace.it	0	301	https://labrace.it/
https://www.lacicalaarredamenti.it	0	200	
https://www.labevera.it	0	200	
https://www.lacollinadimatilde.it/	0	200	
https://www.lacolubrina.it	0	200	
https://www.lacornicesulgarda.com/	0	200	
https://www.lacorteantica.com/	60		
https://www.jw.org/	28		
https://www.ladolcevita-sirmione.it/	0	302	https://ladolcevita-sirmione.it/
https://www.lacriolda.com/	0	200	
https://www.lafarmacia.it/	0	200	
https://www.lafeltrinelli.it/	0	503	
https://www.lafeltrinelli.it/fcom/it/home/pages/puntivendita/negozi/trova/lombardia/la-Feltrinelli-Librerie-Milano-XXIIMarzo.html	0	503	
https://www.lafeltrinelli.it/punto-vendita/milano/ms-milano-duomo/572	0	503	
https://www.lafontedellabellezza.com/	0	200	
https://www.laciclofficina.com/	0	200	
https://www.lafontehotelfranciacorta.it/	0	200	
https://www.lafabbricadeisapori.it/fabbrica-dei-sapori-castellanza-wok/	0	200	
https://www.laghettidiravenola.com/	6		
https://www.laforra.com/	35		
https://www.lafocacceria.com	0	200	
https://www.lagoidroglampingboutique.com/	0	302	https://www.lagoidroglampingboutique.com/en/
https://www.lagoidroglampingboutique.com/en/Restaurant-Idro-Bistrot/	0	200	
https://www.lafornace.it/	0	200	
https://www.lagovacanze.com/	0	200	
https://www.lakeidro.com/it/camping/	0	404	
https://www.lagrandequiete.com	0	200	
https://www.lakegardahostel.com/	0	200	
https://www.lalocandadicomo.it	0	301	https://lalocandadicomo.it/
https://www.lamadonninaristorante.it/	0	200	
https://www.lamongolfiera.brescia.it/	0	301	https://lamongolfiera.brescia.it/
https://www.lama.ws	0	200	
https://www.lanoviabomboniere.com	0	200	
https://www.lanuovapergolalegnano.it/	6		
https://www.lanostra.it/vacanze-cosa-visitare/chiesa-di-san-benedetto-limone-sul-garda/	0	200	
https://www.lapiadineria.com/	0	403	
https://www.lapiario.com	0	403	
https://www.lapievedipisogne.it/	6		
https://www.lanaturopatia.com/	0	200	
https://www.lanostracasaincentro.it	0	200	
https://www.laquieteparkhotel.it/	0	301	https://www.laquieteparkhotel.it/it-it/
https://www.laprecisa3c.it/	0	200	
https://www.lasaponaria.it/biostorie-milano	0	301	https://www.lasaponaria.it/negozio-cosmetici-bio-milano-via-solari
https://www.larocchettacaffe.it/	0	200	
https://www.laroccacamp.it/	0	200	
https://www.lasperanzina.it/	0	200	
https://www.lasergame-brescia.com/	0	301	https://lasergame-brescia.com/
https://www.laroccadirodengo.it/	0	200	
https://www.latavernadellago.it/	0	404	
https://www.lasvegasbyplaypark.com/sala/lipomo	0	404	
https://www.latanadellorsopontedilegno.it/hotel-spa-centro-benessere	0	301	https://www.latanadellorsopontedilegno.it/it/hotel-spa-centro-benessere
https://www.laspacca.com	0	200	
https://www.latesa.it/campeggio/piazzole.html	0	301	https://latesa.it/campeggio/piazzole.html
https://www.latteriaturnaria.it/	0	200	
https://www.lauto.it	0	200	
https://www.latecnicabrescia.it/	0	200	
https://www.lavandadellago.it/it/punti-vendita/	0	200	
https://www.lavasciuga.net/	0	200	
https://www.latteriasanfedele.com	0	200	
https://www.lavecchiavarese.it	0	200	
https://www.lavecchiascuolarovato.it/	0	301	https://lavecchiascuolarovato.it/
https://www.lavalsabbina.it/pagine/dove/filiali.php?id=32	0	302	https://www.bancavalsabbina.com
https://www.lavalsabbina.it/	0	302	https://www.bancavalsabbina.com
https://www.lebrede.eu/	0	200	
https://www.lazzarivini.it/	0	200	
https://www.lecampagnole.it/	0	200	
https://www.lecantorie.com/	0	302	/it/
https://www.lavocedellecomunita.it/campeggio-san-luigi	0	200	
https://www.lecantorie.com/it/	0	200	
https://www.lecavedelceppo.it/it_it/index/	0	200	
https://www.lavilladellago.com	0	200	
https://www.lecasedeibaff.com	0	200	
https://www.leccomilano.it	0	200	
https://www.legami.com/it_it/boutique/?storeid=00014	0	301	/it-it/boutique/?storeid=00014
https://www.leitz.org/	0	307	https://www.leitz.org/de/
https://www.legnano9.it	0	200	
https://www.legnami-tanghetti.it/	0	200	
https://www.legnamigalli.it/azienda.php	0	301	https://www.legnamigalli.it/progettazione-e-realizzazione-case-in-legno-orzinuovi-brescia/
https://www.lerisorgive.com/	0	200	
https://www.leonifratelli.it	0	200	
https://www.leroymerlin.it/	0	403	
https://www.lenotel.it/	0	200	
https://www.levele.info/	0	301	https://levele.info/
https://www.liberinicarni.it/	0	200	
https://www.liberini.it/	0	200	
https://www.libreriantigone.com/	0	403	
https://www.libreriagiuridicabrescia.com/	0	200	
https://www.liceocopernicobrescia.edu.it/	0	200	
https://www.librerialafenice.it/	0	200	
https://www.liceoguidocarli.eu/	0	200	
https://www.liceogiannibrera.it/	0	200	
https://www.lidl.it/	0	200	
https://www.lidl.it	0	200	
https://www.lidl.it/cps/rde/www_lidl_it	0	404	
https://www.licinsi.com/	0	200	
https://www.lidocolico.it/	0	403	
https://www.lidl.it/s/it-IT/ricerca-punto-vendita/gavardo-bs/via-orsolina-avanzi-27/	0	301	https://www.lidl.it/s/it-IT/ricerca-negozio/gavardo-bs/via-orsolina-avanzi-27/
https://www.lidl.it/it/index.htm	0	404	
https://www.lidl.it/s/it-IT/ricerca-negozio/busto-arsizio-va/via-magenta-54/	0	200	
https://www.lidohotel.com/	0	200	
https://www.limonextreme.com/	0	200	
https://www.lineametal.it/	0	200	
https://www.liquorificioaltavallecamonica.it/	0	301	http://www.liquorificiotevini.it/
https://www.lineatende.it/	0	302	https://www.lineatende.it/coming-soon/
https://www.liveclub.it	0	200	
https://www.limonebikerental.it/	6		
https://www.littlengland.it/	0	200	
https://www.lively.it/punti-vendita/livelyvacavour/	0	200	
https://www.lloydsfarmacia.it/	6		
https://www.lloabenatural.com	0	200	
https://www.locandacavallino.com/	6		
https://www.localweb.it/	0	200	
https://www.livingalzate.it	0	200	
https://www.lombardiabeniculturali.it/architetture/schede/1r010-00003/	60		
https://www.locandadelpesco.it/	0	301	https://locandadelpesco.it/
https://www.lombardiabeniculturali.it/architetture/schede/1r090-00066/	60		
https://www.lombardiabeniculturali.it/architetture/schede/BS280-00488/	60		
https://www.lombardiabeniculturali.it/architetture/schede/BS270-00224/	60		
https://www.lombardiabeniculturali.it/architetture/schede/BS280-00492/	60		
https://www.lombardiabeniculturali.it/architetture/schede/BS280-00494/	60		
https://www.lordgunbicycles.com/	0	403	
https://www.locandadegliartistifranciacorta.com/	0	200	
https://www.lorenzoni.it/	0	302	/2k20/
https://www.lorenzovieri.com	0	200	
https://www.limonaiagarda.com/	28		
https://www.loroverdebustoarsizio.com	0	200	
https://www.lospicchio.eu	0	200	
https://www.lucefin.com/it/aziende/comet-acciai	0	301	https://lucefin.com/it/aziende/comet-acciai
https://www.lubebrescia.it/brescia-via-triumplina/	0	200	
https://www.lonati.com/	0	301	https://lonati.com/
https://www.lunabici.it/	0	200	
https://www.lunardi.bs.it/istituto	0	404	
https://www.luppoletocamuno.it/	0	301	https://luppoletocamuno.it/
https://www.ludoverse.it	0	200	
https://www.lush.com/it/it/shops/lush-cosmetics-milano-arese?id=IT076	0	403	
https://www.lush.com/it/it/shops/lush-b.aires?id=LUSH025	0	403	
https://www.lussignoliassociati.it/	6		
https://www.lungolinea.com/	0	200	
https://www.machacafe.it/	0	200	
https://www.macchinedimisura-cmm.com/	0	200	
https://www.losteriah2o.it/	0	301	https://www.losteria-moniga.it/
https://www.maestrellirettifiche.it/	0	200	
https://www.mades-shop.it/contatti/	0	200	
https://www.magazzinodelparrucchiere.it/	0	200	
https://www.makwheels.it/	0	200	
https://www.magazzino47.org/	0	200	
https://www.mamabistrot.it/	0	200	
https://www.mammaristorante.it/	0	200	
https://www.malpensainn.it/	0	200	
https://www.manaflaskbrescia.com	0	200	
https://www.maisondoro.it/	0	200	
https://www.mandolini.it/sede/concessionaria-audi	0	301	https://www.gruppobossoni.it/contatti/mandolini-auto-s-p-a-audi
https://www.makaiuramakeria.it/	0	200	
https://www.mangano.com/	60		
https://www.manpower.it/	0	200	
https://www.maneggionline.it/maneggio/scheda/Brescia-Montichiari/Asd-Circolo-Ippico-L-Eden/1419	60		
https://www.manelli.it/	0	200	
https://www.marantatorneria.it/	0	200	
https://www.mapcucine.it	0	200	
https://www.manivaspa.it	0	200	
https://www.mariamarinoni.com	0	403	
https://www.manuelbike.it/	0	302	https://www.manuelbike.it/it
https://www.martignonisrl.it/volkswagen/sedi/sede-di-san-vittore-olona/	0	301	https://martignonisrl.it/volkswagen/sedi/sede-di-san-vittore-olona/
https://www.martiss.it/	0	200	
https://www.marelet.it/	0	200	
https://www.marzialemassimoservices.com/	0	301	https://marzialeservices.com/
https://www.marsetti.it	0	200	
https://www.masalarsrl.it/	0	403	
https://www.marzocchisrl.it/	0	200	
https://www.materassiematerassicomo.it	0	200	
https://www.marzoilpasticcere.it/	0	200	
https://www.mazzaspa.com	0	200	
https://www.maternasanlorenzo.it/	0	200	
https://www.master-informatica.it	0	200	
https://www.mcdonalds.it/ristorante/lombardia/brescia/brescia-campogrande	92		
https://www.mcdonalds.it/ristorante/lombardia/brescia/edolo	92		
https://www.mcdonalds.it/ristorante/lombardia/brescia/roncadelle-mall	92		
https://www.mcdonalds.it/ristorante/lombardia/milano/busto-garolfo	92		
https://www.mcdonalds.it/ristorante/lombardia/milano/milano-stazione-porta-garibaldi	92		
https://www.martalar.it/	0	301	https://martalar.it/
https://www.mdspa.it/punti-vendita/Lombardia/BS-Brescia/1145-LUMEZZANE/	0	200	
https://www.mdspa.it/punti-vendita/Lombardia/MI-Milano/153-Nerviano	0	301	https://www.mdspa.it/punti-vendita/Lombardia/MI-Milano/153-Nerviano/
https://www.mbnails.it	0	200	
https://www.mdspa.it/punti-vendita/194-Busto-Arsizio/	0	200	
https://www.mediaworld.it/	0	103	
https://www.mediaworld.it/it/store/-2117	0	403	
https://www.mediaworld.it/negozi/gallarate	0	403	
https://www.mediaworld.it/negozi/varese	0	403	
https://www.medicodentista.it/	0	200	
https://www.mediobancapremier.com/public/header/dove-siamo/lombardia/brescia	0	200	
https://www.meravigliaegidio.it	6		
https://www.memamilano.it	0	200	
https://www.medialink-italia.it/	0	200	
https://www.merlatabloommilano.com	0	200	
https://www.mercatinobrianza.it/	0	200	
https://www.mercatinousatobimbi.com/	0	200	
https://www.meccanicacasari.it/	0	200	
https://www.meteogarda.it/sirmione/	0	200	
https://www.metalferspa.it/	0	200	
https://www.metropark.it/content/metropark/it/parcheggi/parcheggi-per-regione/lombardia/parcheggio-di-gallarate.html	0	301	https://www.fspark.it/content/metropark/it/parcheggi/parcheggi-per-regione/lombardia/parcheggio-di-gallarate.html
https://www.metropark.it/content/metropark/it/parcheggi/parcheggi-per-regione/lombardia/parcheggio-di-varese.html	0	301	https://www.fspark.it/content/metropark/it/parcheggi/parcheggi-per-regione/lombardia/parcheggio-di-varese.html
https://www.metallurgicabresciana.it/	0	200	
https://www.micoterapianews.com/	0	301	https://micoterapianews.com/
https://www.mevar.it/	0	200	
https://www.mg.marposs.com/	0	200	
https://www.migliobike.com/	0	200	
https://www.micramenitalia.it/	0	301	https://micramenitalia.it/
https://www.meze-milano.it/	0	200	
https://www.migross.it/	0	200	
https://www.migross.it/punti-vendita/superstore-castenedolo	0	200	
https://www.migross.it/punti-vendita/supermarket-almenno	0	200	
https://www.milsnc.it	0	200	
https://www.mingardibiciclette.it/	0	403	
https://www.minigolfsaronno.it/elenco-giochi/	0	200	
https://www.milesisrl.it/	0	200	
https://www.minoiawebstore.com	0	200	
https://www.miralago.it/	0	200	
https://www.miralago.net/	0	200	
https://www.milanosport.it/impianto/15/cozzi/27/	0	200	
https://www.milanosport.it/impianto/26/saini/77/	0	200	
https://www.mirabellafranciacorta.it/	0	301	https://mirabellafranciacorta.it/
https://www.mixmarkt.eu/it/home/supermercati/11953/	0	301	https://mixmarkt.it/
https://www.mistralhotels.it/	0	301	https://mistralhotels.it/
https://www.mogliaconfezioni.com	0	302	/auth_login.php
https://www.mondadoristore.it/negozi/punti-vendita/-/1011/	0	403	
https://www.mks-kite.com/	0	200	
https://www.mondadoristore.it/negozi/punti-vendita/Mondadori-Megastore-Arese/1879/	0	403	
https://www.mondadoristore.it/negozi/punti-vendita/Mondadori-Duomo/38302/	0	403	
https://www.mokha.it	0	200	
https://www.mokartcomo.it	0	301	https://kartandgo.it/
https://www.montedragone.it/	0	200	
https://www.monteisolabici.it/	0	200	
https://www.montepora.com/	0	200	
https://www.montichiarimusei.it/en/museum/bergomi-museum/	0	200	
https://www.montichiarimusei.it/pieghevole_musei.pdf	0	404	
https://www.monticlaris.it/	0	200	
https://www.montonale.it	0	200	
https://www.montura.it/en/alpstation_store/alpstation/alpstation-brescia.php	0	400	
https://www.mopps.it	0	302	https://www.mopps.it/it
https://www.monziocompagnoni.com/	0	103	
https://www.morellolegnano.it/morello-corso-magenta-legnano/	0	301	https://morellolegnano.it/morello-corso-magenta-legnano/
https://www.morfeoildiodelsonno.it	0	200	
https://www.mosnel.com/	0	200	
https://www.montecicogna.it/	0	301	https://montecicogna.it/
https://www.montecicogna.it/agriturismo	0	301	https://montecicogna.it/agriturismo/
https://www.motoclubdarfo.com/index.php	0	301	https://www.motoclubdarfo.com/index.php/it/
https://www.motogamma.it/	60		
https://www.mrkumpir.com/	0	200	
https://www.motelcity.it	0	200	
https://www.mps.it/	0	200	
https://www.mrmeccanica.it/	0	403	
https://www.muba.it	0	308	https://muba.it:443
https://www.moscow-mule.it	0	301	https://moscow-mule.it/
https://www.multisalagemini.it/prog.htm	0	200	
https://www.multisalaimpero.com	0	200	
https://www.museiarcheologici.net/index.php/it/musei/16-museo-civico-di-manerbio-e-del-territorio?start=1	6		
https://www.mujoramen.it	0	200	
https://www.mupre.capodiponte.beniculturali.it/index.php?it/1/home	0	200	
https://www.multisalacentrale.it/	0	200	
https://www.museoarcheologicomilano.it/oltre-il-museo/la-chiesa-s.-maurizio-al-monastero-maggiore	0	200	
https://www.museoabbaziamaguzzano.it/	0	200	
https://www.museodeitasso.com/	0	500	
https://www.museodisalo.it	0	301	https://museodisalo.it/
https://www.museobrescia.net/it/	0	200	
https://www.museoguerrabianca.it	0	200	
https://www.museofratellicozzi.com	0	200	
https://www.museomillemiglia.it/	0	301	https://museomillemiglia.it/
https://www.musicworks.it	0	302	https://www.musicworks.it/shop/
https://www.museosanmartino.org	0	200	
https://www.museorambotti.it/	0	200	
https://www.musilbrescia.it/sedi/cedegolo/	0	301	https://www.musilbrescia.it/it/sedi/musil-cedegolo/
https://www.musilbrescia.it/sedi/museo_del_ferro/	0	301	https://www.musilbrescia.it/it/sedi/musil-san-bartolomeo/
https://www.mutuiprestitibrescia.it/	0	200	
https://www.mylook36.com	0	200	
https://www.myhorsestore.it/	0	301	https://myhorsestore.it/
https://www.navigazionelaghi.it	0	200	
https://www.navigazionelaghi.it/	0	200	
https://www.navitren.com	0	200	
https://www.navigazionelagoiseo.it/orari-e-tariffe-traghetti-iseo/Orari-traghetti-Iseo-Navigazione-Lago-Iseo/Orari-e-tariffe-traghetti-Predore	0	404	
https://www.museomartes.com/	0	301	https://museomartes.com/
https://www.napoletanopizzeriatrattoria.com	0	200	
https://www.nessienaturalmentepizza.it	6		
https://www.nellavalledeisogni.it/	0	200	
https://www.neosperience.com/	0	103	
https://www.negoziomori.it	0	200	
https://www.nihaogroup.it/	0	403	
https://www.nexfit.it/palestra-treviglio/	0	200	
https://www.nexfit.it/palestra-caravaggio/	0	200	
https://www.noma29.it	0	403	
https://www.nineteen19.it	0	200	
https://www.nonnamari.it/	6		
https://www.nkd.it/filialen/samarate/21017/nkd-via-torino-angolo-via-roma-0	0	301	https://www.nkd.it/de_it/filialen/4295/samarate/21017/nkd-via-torino-angolo-via-roma-0
https://www.noshgelato.com/	0	200	
https://www.nissan.it/concessionari-nissan.C61013001.html	0	200	
https://www.notaiocominardi.it/	0	403	
https://www.nonsolopiccolifrutti.it/	0	200	
https://www.notaioterribile.it	0	403	
https://www.nonnanura.it	0	200	
https://www.novalisopenschool.it/	0	200	
https://www.nsc-sistemisicurezza.it/	0	200	
https://www.nuovaofficinatrento.it/	0	301	https://sipredigitale.it/
https://www.nuvolari.biz/stores/brescia-c-c-elnos	0	404	
https://www.nuovoeden.it/	0	301	https://www.bresciamusei.com/musei-e-luoghi/cinema-nuovo-eden/
https://www.obi-italia.it/it/negozi/obiItaly/Roncadelle_013/index.html	0	404	
https://www.oconnellirishpubmilanobrera.it	0	200	
https://www.officinadellhamburger.it/gallarate/	0	200	
https://www.novaplex.it/	0	200	
https://www.officine-volkswagen.it/fllicosta.html	60		
https://www.officinasara.it/	0	301	./home/
https://www.offsetalternative.it/	0	200	
https://www.oknoplast.it/oknoplast-rivenditori/new-house-25123	0	404	
https://www.notoriouscinemas.it/sestosangiovanni/index.php	0	200	
https://www.olceseferrari.it/it	0	200	
https://www.oldwildwest.it/ristoranti/old-wild-west-varese-via-tonale	0	301	https://www.oldwildwest.it/it/ristoranti/varese-via-tonale
https://www.oliotosoni.com/	0	103	
https://www.oliofelice.com/	0	200	
https://www.oleificiolimonesulgarda.it/	0	200	
https://www.olivarimoda.it/	0	200	
https://www.olliscavi.it/	0	301	https://olliscavi.it/
https://www.omastecnosistemi.it/	0	301	https://imagroup.com/brands/omas-tecnosistemi-s-p-a/
https://www.olivelliputelli.edu.it	0	200	
https://www.olidalmine.it	0	200	
https://www.omffranchi.com/	0	200	
https://www.oltreloro.it	0	200	
https://www.omec.info/	0	301	https://www.omec.info/it/
https://www.one-works.com	0	200	
https://www.omgzanoletti.it/	0	200	
https://www.onoranzefunebricaravaggio.com/	0	200	
https://www.onoranzefunebrilapietadellacittadibrescia.it	0	200	
https://www.omptea.eu/	0	200	
https://www.onoranzefunebrimutti.com/	35		
https://www.onoranzefunebrimaiolini.com/	0	200	
https://www.open-one.it/	0	301	https://open-one.it/
https://www.onoranzeguerrini.it	0	200	
https://www.oratoriocollebeato.org/	0	200	
https://www.oratorioleno.it/	0	200	
https://www.oreficeriazanetti.com	0	301	https://zanettigioielli.com/
https://www.orimartin.it/	0	200	
https://www.orologeriarovighi.com/	0	200	
https://www.oratoriocollebeato.org/wp/?page_id=4	0	404	
https://www.ortodibalu.it/	0	200	
https://www.onoranzefunebribrunori.it/casa-funeraria/	0	200	
https://www.orsamaggiorediscoclub.it	0	200	
https://www.ortofruttamimo.it/	0	200	
https://www.ortopediacremacr.it/	6		
https://www.ortopediabonzio.it/	0	200	
https://www.onlybarbel.com/	0	200	
https://www.ostellodelpittore.com/	6		
https://www.osservatorio-cimarest.it	0	200	
https://www.ostelloanticapieve.it/	0	200	
https://www.ostellodibergamo.it/	0	302	https://www.ostellodibergamo.it/it/
https://www.osteria-rossodisera.it	6		
https://www.osteriaacquaciara.it	0	302	https://www.osteriaacquaciara.it/en
https://www.ostellovaltellina.it	60		
https://www.osteriaaportodoglio.it/sito/	0	404	
https://www.ortopiazzolla.it	0	200	
https://www.osteriadalivio.it/	0	302	/it-it/p/2
https://www.osteriadellavilletta.it/	0	200	
https://www.osterianidri.it	0	200	
https://www.osteriaaquiladoro.it/	0	200	
https://www.osteriavallebresciana.it/	0	200	
https://www.otticatodescato.it	0	200	
https://www.otticadesio.it	0	200	
https://www.otticalariana.com	0	301	https://otticalariana.com/
https://www.outantincendio.it/	0	200	
https://www.ottica-aimiracoli.it	0	200	
https://www.outletdolciario.it/	60		
https://www.ovs.it/it/it/stores/italia/lombardia/como/ovs-montano-lucino	0	403	
https://www.otticocapozzi.it/	0	200	
https://www.padelnuestro.com/	0	200	
https://www.ovvio.com/	0	200	
https://www.palacehoteldesenzano.it/	0	403	
https://www.paginebianche.it/ospitaletto/trapani-francesco-maria-studio-legale.2901615	0	403	
https://www.palafittes.org/fundstelle.html?sid=124	0	404	
https://www.palazzoli.com/	0	500	
https://www.palazzofacchi.com/	0	200	
https://www.pacobar.it	0	200	
https://www.palestreitaliane.it/palestre/legnano/	0	404	
https://www.palklampadari.it/	0	200	
https://www.pallamanoleno.it/	0	200	
https://www.pallamanoleno.it/pages/2minuti.php	0	404	
https://www.palmabit.com/	0	200	
https://www.pampanorama.it/punti-vendita/brescia	0	200	
https://www.paninogiusto.it/milano-porta-venezia-s-1.html	60		
https://www.panizza1914.it/	0	200	
https://www.palmetto.it/	0	301	https://palmetto.it/
https://www.panathleticon.it/	0	200	
https://www.panoramica-aer.de/	0	200	
https://www.panperme.it/	0	200	
https://www.papaautomobili.it/	0	200	
https://www.paradisogarda.it/	0	200	
https://www.paradisogarda.it/gardasee/Pizzeria-Restaurant.html/	0	200	
https://www.parcheggiostazionecentrale.it/parcheggio_moscova_brera.php	0	404	
https://www.paradisodisco.it/	0	200	
https://www.parcocastiglione.it/	0	200	
https://www.parcoacquaticopratoblu.it/	0	200	
https://www.parcooglionord.it/	0	200	
https://www.parrocchiadicislago.it/	0	200	
https://www.parcodelpitone.com/	0	200	
https://www.parcolaquiete.it/it/	0	301	https://parcolaquiete.it/it/
https://www.pasticceriabrescia.com/	6		
https://www.passadori.it/	0	200	
https://www.party-time.it/	0	200	
https://www.pasticceriacattaneo.it	0	200	
https://www.pasticceriagali.it	0	200	
https://www.pasticceriagavazzeni.it	0	200	
https://www.pasticceriadolcibymauri.it	0	200	
https://www.passatempospaziogioco.it/	0	200	
https://www.pasticceriapastori.it	0	200	
https://www.pasticceriasangabriele.it	0	301	https://www.pasticceriasangabriele.com/
https://www.pbh-beer.it/	0	301	https://pbh-beer.it/
https://www.pdipizza.it/	0	301	https://pdipizza.it/
https://www.pedersolicasa.it/	0	301	https://pedersolicasa.com/
https://www.pasticceriaofele.it/	0	200	
https://www.pennymarket.it/	0	301	https://www.penny.it
https://www.pedrini.com/	0	301	https://pedrini.com/
https://www.perazzi.it/	0	200	
https://www.perdormire.com/negozi/varese/	0	202	
https://www.pernigotto.com	0	200	
https://www.periarredamenti.it/	0	200	
https://www.pesei.it/	0	200	
https://www.peronimarket.it/pagine/contatto.htm	35		
https://www.piandass.it/	0	200	
https://www.pasticceriapoletti.it	0	200	
https://www.photo19.it/	0	200	
https://www.piane.eu/en/	0	200	
https://www.piazzole.org/	0	200	
https://www.piccolaplasa.it/	6		
https://www.piccolavalle.it/	0	403	
https://www.piandoneda.it/	0	301	https://www.piandoneda.it/it/
https://www.piccolocamping.com/	0	200	
https://www.piedigrottavarese.it	0	200	
https://www.pasticceriamignon.it	28		
https://www.pietracavalla.com/	0	200	
https://www.piemmecomputer.it	0	200	
https://www.pinac.it/pinac/	0	301	https://pinac.it/evento/pinac-alla-festa-degli-aquiloni-2025/
https://www.pilu.it/	0	200	
https://www.piccinellicalze.it/	0	200	
https://www.pietraollare.com/	0	200	
https://www.piramisgroup.com/	0	200	
https://www.piscinaidro.it/	0	200	
https://www.piscinesacrafamiglia.it	6		
https://www.piscinadipalazzolo.it/	0	200	
https://www.pistadicastellazzo.it/	6		
https://www.pitagoraspa.it/dove-siamo/filiale-di-brescia/	0	200	
https://www.piscinetibidabo.it/	0	200	
https://www.pittarello.com/it/negozi?rewrite=nerviano-milano	0	404	
https://www.pittini.it/	0	200	
https://www.pinguinogiallo.com/	0	200	
https://www.pizzaut.it/	0	200	
https://www.piumedical.it/i-nostri-punti-vendita/farmacie-borsano/	0	200	
https://www.piumedical.it/i-nostri-punti-vendita/Pi%C3%B9Medical%20Milano%20Porta%20Garibaldi/	0	200	
https://www.pizzeriacartapaglia.it/	0	200	
https://www.pinzilitografiasrl.it/	0	301	https://pinzilitografiasrl.it/
https://www.pizzeriadaziomimmovarese.it	6		
https://www.pizzerialarocca.com/	0	200	
https://www.pizzeriadaattilio.it/	0	200	
https://www.pizzium.com	0	301	https://pizzium.com/
https://www.pizzaut.it/food-truck/	0	404	
https://www.pizzium.com/it/	0	301	https://pizzium.com/it/
https://www.pizzeriaalmuli.it/	0	200	
https://www.playupweb.it	0	200	
https://www.pneus-center.it	0	403	
https://www.poembeauty.com/	0	200	
https://www.pokeisok.com/	6		
https://www.pnab.it/poi/ghiacciaio-delladamello-mandrone/	0	200	
https://www.pnab.it/	0	200	
https://www.poliambulanza.it/	0	200	
https://www.polentoneburgerbistrot.it/	0	200	
https://www.pizzeriamanuno.it	0	200	
https://www.poliambulatoriosanfrancesco.it/	0	200	
https://www.poliambulatorioberdan.it/	0	301	https://poliambulatorioberdan.it/
https://www.poliespanso.it/	0	200	
https://www.poliambulatoriothuya.com	0	200	
https://www.polis.it/piastrelle-a-brescia	0	301	https://www.polis.it/store/polis-ceramiche-brescia/
https://www.politicheagricole.it/flex/cm/pages/ServeBLOB.php/L/IT/IDPagina/11260	0	301	https://www.masaf.gov.it/flex/cm/pages/ServeBLOB.php/L/IT/IDPagina/11260
https://www.poliambulatoriowmc.com/	0	200	
https://www.poliziadistato.it/	0	200	
https://www.poly3.it/	0	302	https://www.poly3.it/index.php/signin
https://www.pontedilegnorent.com/	0	301	https://scuolascipontedilegno.com/
https://www.pontedilegnotonale.com/	0	301	https://www.pontedilegnotonale.com/it/
https://www.pontenelcielo.it/	0	301	https://pontenelcielo.it/
https://www.popso.it/	0	301	https://www.popso.it/home
https://www.poormanger.it/	0	200	
https://www.poraca.it/	0	200	
https://www.porta-solutions.com/	0	200	
https://www.poste.it/	0	200	
https://www.poste.it/cerca/index.html#/risultati-cerca-up/rodengo%20saiano%2025050	0	200	
https://www.porcalora.it/	0	301	https://porcalora.it/
https://www.polozerosei.it/nido-eureka/	0	200	
https://www.polozerosei.it/infanzia/	0	200	
https://www.pressofusionipfbspa.com/	0	200	
https://www.pretesto.eu	6		
https://www.primark.com/it-it/stores/brescia/centro-commerciale-elnos-shopping	0	200	
https://www.primotelbrescia.it/	0	200	
https://www.posteriatappo12.com	0	200	
https://www.pozzofiorito.it/camper/	0	200	
https://www.powermixbar.com/	0	200	
https://www.protezionecivilevertova.com	6		
https://www.prixquality.com/punti-vendita/brescia-508/	0	200	
https://www.provincia.brescia.it/istituzionale/organigramma/ufficio-del-lago-diseo-e-franciacorta	0	404	
https://www.provincia.brescia.it/	0	200	
https://www.progettoenne.org/	0	200	
https://www.pucciasbrothers.it	0	302	https://nicsell.com/domain/www.pucciasbrothers.it
https://www.prolococollebeato.org/	0	200	
https://www.puntoscarperovato.com/	0	200	
https://www.qcterme.com/it/bormio/hotel-bagni-vecchi	0	403	
https://www.qcterme.com/it/bormio/qc-terme-bagni-vecchi	0	403	
https://www.qcterme.com/it/garda	0	403	
https://www.qcterme.com/it/san-pellegrino/qc-terme-san-pellegrino	0	403	
https://www.puntofermo.net/	0	200	
https://www.puntoluceonline.com	0	200	
https://www.ptcbrescia.it	0	200	
https://www.queibraviragazziristorante.it/	0	200	
https://www.rabbistampi.com/	0	200	
https://www.radicetonda.it	0	200	
https://www.radiobresciasette.it	60		
https://www.radiciviaggi.it/	0	200	
https://www.quadrifogli.it/	0	200	
https://www.raffmetal.com/	0	200	
https://www.ragnarok-traininglab.it	0	200	
https://www.radiciristoranteiseo.com	0	200	
https://www.regalhotel.it/	0	200	
https://www.regro.it/it	0	500	
https://www.relaisfranciacorta.it/	0	200	
https://www.rebeccofarm.it/	0	200	
https://www.relaisdecharmelevidelle.com/	0	200	
https://www.renatogamba.it/	35		
https://www.repower.com/dina/	0	301	/dina
https://www.repower.com/it	0	200	
https://www.repower.com/it/la-mobilita-elettrica/	0	301	/it/la-mobilita-elettrica
https://www.reottica.it	0	200	
https://www.residence-desenzano.com/	6		
https://www.res-artis.it	0	403	
https://www.residencebellavista.com/	0	200	
https://www.residencecavallicastrezzato.it/	0	200	
https://www.residencecasangelina.com/	0	200	
https://www.residenceilgabbiano.it/	0	302	https://www.residenceilgabbiano.it/en/
https://www.residencemiravalle.net/	0	200	
https://www.residencesanluigi.com	0	200	
https://www.residenzaidra.it/	0	302	https://www.idrateatro.it
https://www.residencestofol.it/area-camper.php	0	200	
https://www.residencegeranio.com/	0	200	
https://www.ramenhouse.it	28		
https://www.retefixanticaduta.it/	0	200	
https://www.restellicarta.it	0	200	
https://www.reteradioazzurra.it/ristorantelalanterna	0	307	'.https://.'www.reteradioazzurra.it/
https://www.revolutionristorantepizzeria.it/	0	302	it/
https://www.rfi.it/it/stazioni/treviglio.html	0	200	
https://www.rfi.it/it/Offerta/servizi-sanitari/strutture-sanitarie-aperte-al-pubblico.html	0	200	
https://www.resortlevele.com/	0	200	
https://www.richiedei.it/	0	200	
https://www.ricondizionatipro.it	0	200	
https://www.rifugi.lombardia.it/brescia/sonico/rifugio-premassone.html	0	200	
https://www.rifugioaviolo.com/	0	403	
https://www.rifugi.lombardia.it/brescia/capovalle/rifugio-monte-stino.html	0	301	https://www.rifugi.lombardia.it/brescia/capovalle/rifugio-monte-stino-ristoro.html
https://www.rifugiomalgadimezzo.com/	0	200	
https://www.rifugiotitasecchi.com/	0	200	
https://www.rifugiomalgastain.it/	0	302	https://rifugiomalgastain.it/it/
https://www.rifugiovalmalza.it/	0	200	
https://www.rigomma.it/negozi-rigomma/brescia-centro/	0	200	
https://www.rinnovacarrozzeria.com/	0	200	
https://www.risoli.com/	0	200	
https://www.riccicurbastro.it/	0	200	
https://www.ripaspa.it/	0	301	https://www.gruppo-ripa.it/
https://www.risto32.it	6		
https://www.risorgimento-sirmione.com/	60		
https://www.rifugiopassocrocedomini.it/	0	200	
https://www.risorsasociale.it/	0	200	
https://www.ristohouse.it/	0	200	
https://www.ristora.it/	0	200	
https://www.ristopollicino.it/	0	301	https://ristopollicino.it/
https://www.ristoranteama.it	6		
https://www.ristorantealcavallino.it/	0	200	
https://www.ristoranteanticobrolo.it/	0	200	
https://www.ristoranteanticacontrada.it/	0	200	
https://www.ristoranteal115.com/	0	200	
https://www.ristorantebrescialatorre.it/	6		
https://www.ristorantebrasa.it/	0	200	
https://www.ristorantecascinabrugnola.com/	0	200	
https://www.ristoranteboschetti.it/	0	200	
https://www.ristorantearcimboldo.com/	0	200	
https://www.ristorantedelicatessen.com	0	200	
https://www.ristorantedarosa.com	0	308	https://ristorantedarosa.com/
https://www.ristorantefiordiloto.it/	0	403	
https://www.ristorantefornico.it/	0	200	
https://www.ristorantegattonero.it	0	302	https://www.ristorantegattonero.it/it/
https://www.ristorantegaudenzi.it/	0	200	
https://www.ristorantecapriccio.it/	0	301	https://ristorantecapriccio.it/
https://www.ristorantegustando.it/	0	200	
https://www.ristorantehongkong.eu	0	200	
https://www.ristorantedaguido.it	0	200	
https://www.ristoranteiki.com/	0	301	https://ristoranteiki.com/
https://www.ristorantelalucesullago.it/	6		
https://www.ristorantelafornace.it	0	200	
https://www.ristorantelarucola.it/	0	301	https://ristorantelarucola.it/
https://www.ristoranteilbraciere.net/	0	200	
https://www.ristorantelago.com	0	301	https://ristorantelago.com/
https://www.ristorantelido84.com/	0	200	
https://www.ristorantelatortuga.it/	0	200	
https://www.ristorantenizzoli.com/	0	403	
https://www.ristorantemori.it	0	200	
https://www.ristorantepiola.it/	0	200	
https://www.ristorantelamingla.it/it/	0	301	https://ristorantelamingla.it/it/
https://www.ristorantepionono.it/	0	200	
https://www.ristoranteolimpobrescia.it/	0	200	
https://www.ristorantepizzeriadelcampione.it	0	200	
https://www.ristorantepizzeriagliartisti.it	0	200	
https://www.ristorantepizzeriavalverde.it	0	200	
https://www.ristoranterinocomo.it	6		
https://www.ristoranterosengardeniseo.com	0	200	
https://www.ristorantesichef.it	6		
https://www.ristoranterelax.it/	60		
https://www.ristorantesperoneditalia.it/	6		
https://www.ristorantetrevisago.com/	0	200	
https://www.ristorantevaltress.com	0	200	
https://www.ristorantevaltress.com/	0	200	
https://www.ristorantevegetarianoarcobalenobs.com/	6		
https://www.ristorantevillaaurora.it/	0	200	
https://www.ristorantepizzeriabracconiere.it/	0	301	https://ristorantepizzeriabracconiere.it/
https://www.ristorantesedicesimosecolo.it/	0	200	
https://www.ristorantevoloavela.it	0	200	
https://www.rmsaudio.it	6		
https://www.rivalago.it/	0	301	https://rivalago.it/
https://www.rivasanpietro.it/	0	200	
https://www.roadhouse.it/it/ristorante-roadhouse-lainate	0	301	https://www.roadhouse.it//ristorante-roadhouse-lainate
https://www.roadhouse.it/it/ristorante-roadhouse-desenzano	0	301	https://www.roadhouse.it//ristorante-roadhouse-desenzano
https://www.roadhouse.it/it/ristorante-roadhouse-como-lipomo	0	301	https://www.roadhouse.it//ristorante-roadhouse-como-lipomo
https://www.roadhouse.it/it/ristorante-roadhouse-treviglio	0	301	https://www.roadhouse.it//ristorante-roadhouse-treviglio
https://www.rocchedeivignali.it/	0	200	
https://www.rizzardini.it/	0	200	
https://www.roccadanfo.eu	0	200	
https://www.rodel.it/	0	200	
https://www.rolandobarbiere.it	0	200	
https://www.romanticafranciacorta.com/	0	200	
https://www.rosticceriabosio.it/	0	403	
https://www.route66milan.it/	0	200	
https://www.roversiscale.it/	0	200	
https://www.roserifiorentissime.it	0	301	https://roserifiorentissime.it/
https://www.runkd.it/	0	403	
https://www.ruculi.com/lagodigarda/al-terrazzo.html/	0	301	https://www.ruculi.com/404.html
https://www.ruculi.com/	0	200	
https://www.sabaf.it/	0	301	https://www.sabaf.it/it
https://www.rosadibaremone.it/	0	200	
https://www.sacrocuore-brescia.org/portfolio/si-musica-associazione-musicale-brescia/	0	301	https://sacrocuore-brescia.org/portfolio/si-musica-associazione-musicale-brescia/
https://www.safcacucine.it/	0	200	
https://www.sailpost.it/brescia1/	0	301	https://www.sailpost.it/agenzia/brescia-1
https://www.salumificio-errevi.it/	0	200	
https://www.salumificiovolpi.it/	0	403	
https://www.rusticodabena.it/	0	301	https://rusticodabena.it/
https://www.salsamenteriadiparma.com/	0	200	
https://www.salinapubblicita.net/it.html	0	404	
https://www.salvidefaveri.it/	0	200	
https://www.sanbiagio.de	0	301	https://www.campingsanbiagio.net/
https://www.sanfilippo.it/centri-comunali/campo-da-calcio-chico-nova.html	0	404	
https://www.salvettibakery.com/	0	301	https://www.salvettibakery.com/prodotti
https://www.sanmartinohotel.com/	0	200	
https://www.santanderconsumer.it	0	200	
https://www.santaveronicaguesthouse.com/	0	200	
https://www.santeria.milano.it/toscana-31	0	301	https://www.santeria.milano.it/toscana-31/
https://www.santigaro.com/	0	200	
https://www.sarabandamusica.it/	0	200	
https://www.sanzogni.it/index.htm	0	200	
https://www.saturnocasa.com/	0	200	
https://www.saraventurelli.it/	0	301	https://saraventurelli.it/
https://www.sassabanek.com/	0	200	
https://www.sansivino.com/	0	200	
https://www.scaravelli-store.it	0	200	
https://www.savoldishop.com/contact	0	200	
https://www.scarmaweb.com/	0	200	
https://www.scuderiacastello.it/	0	200	
https://www.scraleca.it/	0	200	
https://www.scuoledicerro.edu.it/frazione-cantalupo/	0	404	
https://www.scuoledicerro.edu.it/scuola-primaria-carducci/	0	404	
https://www.scuoledicerro.edu.it/scuola-primaria-strobino/	0	404	
https://www.scuoledicerro.edu.it/scuola-secondaria-statale-di-1-grado-d-alighieri/	0	404	
https://www.scuolamaternacristore.it	0	200	
https://www.sda.it/	0	302	https://www.sda.it/wps/portal/sdait.home/
https://www.sceltaperfetta.it/	0	200	
https://www.sef-srl.com/	0	301	https://www.sef-srl.com/it/
https://www.scuoledimusicapaganini.it/sede/canegrate/	0	200	
https://www.seminariobrescia.it/	0	200	
https://www.serenellahotel.it/	0	200	
https://www.sergiolussignolifotografo.it/	0	200	
https://www.shahitappeti.it/	0	200	
https://www.sexisnow.it/sexisnow_automatic_dovesiamo	0	404	
https://www.shindenbenessere.com/shinden-brescia/	0	200	
https://www.shopvalledoro.it/	0	200	
https://www.signorvino.com/	0	403	
https://www.siebrescia.it/	0	200	
https://www.serfinmec.com/	0	200	
https://www.sergioilgufo.com/	0	200	
https://www.simpaticotech.it/store-brescia.php	0	200	
https://www.sirmiotrans.it/	6		
https://www.simonelorenzi.it/	0	200	
https://www.sirmione2.it/	0	301	/ITA/Home.asp
https://www.skyline18.it/	0	200	
https://www.sirmionehotel.com/de/restaurant-sirmione/san-vito-restaurant-pizzeria-sirmione/	0	200	
https://www.snoopyabbigliamento.com/	6		
https://www.slotterylasvegas.it/le_sale/palazzolo-sulloglio_n282	0	301	https://www.slotterylasvegas.com/le_sale/palazzolo-sulloglio_n282
https://www.skyclimber.it/	0	200	
https://www.solef.it/Sapollonia/page.html	6		
https://www.solesereno.it/	0	301	https://solesereno.it/
https://www.sorgentefuntani.eu/	6		
https://www.smeraldosirmione.com/	0	200	
https://www.software2000.it/dove_siamo.html	0	404	
https://www.southgardakarting.it/	0	200	
https://www.sound-machine.it	0	200	
https://www.spaziocontemporanea.eu/	0	200	
https://www.soccorsopubblicofranciacorta.com/	0	200	
https://www.spacciocchialivision.it/ottica/caravaggio/	0	200	
https://www.splendidsole.it/	0	301	https://splendidsole.it/
https://www.spiaggiabrema.com/	0	200	
https://www.sportlineitalia.com/	0	200	
https://www.spaziolalibellula.it/	0	301	https://spaziolalibellula.it/
https://www.ssab.com/it-it	0	200	
https://www.spreadwingsurfing.com/	0	200	
https://www.staffoniarredamenti.it/	0	200	
https://www.stamperiasb.it/	0	200	
https://www.stay-hotel.it/	0	200	
https://www.stateofbike.it	0	301	https://stateofbike.it/
https://www.stelladelbenaco.com/	0	200	
https://www.stella-corniciebici.com/	0	200	
https://www.sterli.it/	0	200	
https://www.stileoriginaldesign.it/	0	200	
https://www.strafico.it	0	200	
https://www.streettradate.it	0	200	
https://www.stelladorohotel.it/	0	200	
https://www.stroblhof-gardasee.com/	0	200	
https://www.stroilioro.com/	0	301	/it_IT
https://www.stocchettacilindriidraulici.com/	0	200	
https://www.stroilioro.com/gioielleria_stroili_rescaldina	0	301	https://www.stroilioro.com/it_IT/gioiellerie-stroili/dettagli-negozio/?storeID=0167
https://www.studioarmandi.it/	7		
https://www.studiocominottocantoni.it/	0	301	https://www.studiocominottocantoni.it/it/
https://www.studiodsz.com	0	500	
https://www.studiogaratti.it/	0	200	
https://www.studioimmobiliarebroletto.it/web/	0	200	
https://www.studioimpronta.it/	0	200	
https://www.studiominerva.it/	0	301	https://studiominerva.it/
https://www.studiomorettistp.it/	0	200	
https://www.studiorebirth.it	0	200	
https://www.studiodentisticotaroni.it	0	200	
https://www.suissehotelsirmione.com/	0	301	https://hihotelsirmione.it/
https://www.studiotrinchera.com	0	200	
https://www.sultanrestaurant.it	6		
https://www.stuzzisushi.it	0	200	
https://www.sunsetbistrot.it/	0	200	
https://www.supercyclon.it/	0	200	
https://www.superpartes.biz/	60		
https://www.supersigma.com/?p=74012	0	403	
https://www.supersigma.com	0	403	
https://www.supersigma.com/?p=73505	0	403	
https://www.supersigma.com/pdv/ok-sigma-di-milano-viale-bligny/	0	403	
https://www.supersigma.com/pdv/sigma-di-marcheno-indipendenza/	0	403	
https://www.supersigma.com/punti-vendita/LOMBARDIA/MI/sigma-di-milano-cardinale-mezzofanti	0	403	
https://www.stoabusto.it	28		
https://www.supertosano.com/	60		
https://www.surfpoint.it/	0	200	
https://www.sushiclub.it/sushi-club-saronno/	0	200	
https://www.sushiclub.it/sushi-club-varese/	0	200	
https://www.sushiclub.it/sushi-club-castellanza/	0	200	
https://www.sushiclub.it/sushi-club-venegono-inferiore/	0	200	
https://www.suzuran.it	0	301	https://suzuran.it/
https://www.sushiko.it/	0	301	https://sushiko.it/
https://www.sushifu.it	0	301	https://sushifu.it/
https://www.sushimilegnano.it	0	200	
https://www.synlab.it/	0	200	
https://www.tabaccheriarizzi.it/	0	200	
https://www.takko.com/it-it/stores/#!/l/tradate/via-della-fornace-cortellezzi-14/6087	0	200	
https://www.tanghettisalotti.com	0	301	https://tanghettisalotti.com/
https://www.tarantola.it	0	200	
https://www.taumetalli.it/	0	302	https://www.taumetalli.it/it/
https://www.synergyresort.it/	0	200	
https://www.taver.it/	0	429	
https://www.tavernettamariacallas.it/	0	200	
https://www.szclimatis.it/	0	200	
https://www.taxcare.it	0	200	
https://www.teatrodonizetti.it/it/teatro-donizetti-bergamo/	0	200	
https://www.teatrolemuse.it/	0	200	
https://www.tecamb.it/	0	200	
https://www.tech-inox.it/	0	200	
https://www.tecnomat.it/it/n/rezzato/	0	403	
https://www.tedi.com/it/	0	200	
https://www.teatropontevico.it/	0	301	https://teatropontevico.it/
https://www.teknotranciatura.it/	0	200	
https://www.tecnofond.it/	0	200	
https://www.teieraeclettica.it/	0	200	
https://www.telcas.it/	0	200	
https://www.tenoha.it/pages/ramen	0	402	
https://www.teletutto.it	0	200	
https://www.terminaliextremo.it/	0	200	
https://www.terminalrestaurant.com	0	301	https://saltoelyeso.cl/
https://www.termedisirmione.com	0	200	
https://www.terrazzadelbrivido.it/	0	200	
https://www.tesla.com/findus/location/supercharger/bresciasupercharger	0	403	
https://www.tescomaonline.com/	0	301	https://tescomaonline.com/
https://www.taosushicastellanza.it	28		
https://www.thefork.com/restaurant/il-giglio/215621	0	403	
https://www.thefogvape.it	0	200	
https://www.thegangs.it/	0	302	/ita/
https://www.tenutacolleparadiso.it/	0	301	https://tenutacolleparadiso.it/
https://www.themode.it	0	200	
https://www.thespacecinema.it/i-nostri-cinema/cerro-maggiore/al-cinema	0	403	
https://www.thekitchenworld.it	0	307	https://delivery.thekitchenworld.it
https://www.themode.it/estivo	0	301	https://www.themode.it/estivo/
https://www.tiglioresidence.com/	0	200	
https://www.tignale.org/	0	200	
https://www.tigros.it/punti-vendita/6	0	200	
https://www.tgrivestimenti.com/	0	200	
https://www.tigros.it/punti-vendita/9	0	200	
https://www.thewallbeer.com	0	200	
https://www.tigros.it/t/punti-vendita/tigros-canegrate/	0	301	http://www.tigros.it/t/punti-vendita/tigros-canegrate
https://www.tiniracing.it/	0	403	
https://www.tinteggiatureisolcolor.it/	0	200	
https://www.tizianarici.com/	0	200	
https://www.timing.tennis	0	200	
https://www.tomaselli.it	0	200	
https://www.tokyo-como.it	0	200	
https://www.torbieresebino.it/	0	301	https://torbieresebino.it/
https://www.torrecavallo.it/scacchibrescia/	0	404	
https://www.torresanmarco.it/lagodigarda/event-location.html	0	200	
https://www.totalerg.it/ricerca-stazioni-di-servizio/dettaglio?pv=NI007759	0	404	
https://www.toyscenter.it/	0	200	
https://www.torredegliulivi.it/	0	301	https://torredegliulivi.it/
https://www.trafilatimartin.it/	0	200	
https://www.timing.tennis/store/	0	200	
https://www.tramaeorditotessuti.com	0	200	
https://www.trattoriacacciatore.it/	0	302	https://www.trattoriacacciatore.it/en
https://www.trattoriabeati.com/	0	301	https://trattoriabeati.com/
https://www.trattoriaalpinosulzano.it/	0	200	
https://www.torredercole.it/	28		
https://www.trattoriacerreto.it/	0	200	
https://www.trattorialetreciose.com/	0	200	
https://www.trattoriacampagnola.com/	0	200	
https://www.trattoriadelgallo.it/	0	200	
https://www.trattoriaglisenti.it/	0	200	
https://www.trattoriaporteri.it/	0	500	
https://www.trattoriapizzeriainborgovico.eu	0	200	
https://www.traum-ferienwohnungen.de/247937/	0	200	
https://www.tripadvisor.de/Restaurant_Review-g187842-d1458498-Reviews-Osteria_al_Torcol-Sirmione_Province_of_Brescia_Lombardy.html	0	403	
https://www.tripadvisor.de/Restaurant_Review-g187842-d11925072-Reviews-Trattoria_Nonna_Dina-Sirmione_Province_of_Brescia_Lombardy.html	0	403	
https://www.trattoriamarietta.it	0	200	
https://www.tripadvisor.it/Attraction_Review-g3174703-d10381332-Reviews-Chiesa_della_Nativita_della_Madonna-Polpenazze_del_Garda_Province_of_Brescia_Lo.html	0	403	
https://www.tripadvisor.it/Attraction_Review-g227887-d10379188-Reviews-Chiesa_San_Rocco-Limone_sul_Garda_Province_of_Brescia_Lombardy.html	0	403	
https://www.triumplina235.it/	0	301	https://www.emodaonline.com/euromoda
https://www.tsnbagnolomella.it	0	200	
https://www.tsntreviglio.it	0	200	
https://www.turinavini.it/	0	301	https://turinavini.it/
https://www.treccaniceramiche.it/	0	200	
https://www.trofeovallecamonica.it/	0	200	
https://www.tuttogarda.it/lonato/drugolo_castello.htm	0	404	
https://www.tuttitalia.it/lombardia/26-cologne/statistiche/indici-demografici-struttura-popolazione/	0	200	
https://www.twsacea.com/	0	200	
https://www.ugolini-bs.it/s2/index.php?p=rifbiv/descr	0	200	
https://www.turiello.it/	0	200	
https://www.unicredit.it/it/contatti-e-agenzie/lista-agenzie/bs/brescia/brescia-garibaldi-ag00903.html	0	403	
https://www.umbrail.it/contatti/	0	200	
https://www.uicivarese.org/	0	403	
https://www.unidelta.com/	0	200	
https://www.twentyonepadel.it	0	200	
https://www.unieuro.it/online/negozi/Unieuro-Legnano	0	200	
https://www.unieuro.it/online/negozi/Unieuro-Cerro-Maggiore	0	200	
https://www.unigensteel.com/	0	200	
https://www.unieuro.it/online/negozi/Unieuro-Brescia---Castenedolo	0	200	
https://www.unionpress.it/ita/index.html	0	200	
https://www.utensilitecnolain.it/	0	200	
https://www.urbanwall.it/	0	301	https://climbingdistrict.it/
https://www.vacanzeglampingboutique.com/	0	302	https://www.vacanzeglampingboutique.com/en/
https://www.valcarobbio.altervista.org	6		
https://www.valbrass.it/	0	301	https://www.valbrass.com/it/
https://www.valdidentro.it/alberghi/albergo-campeggio-la-pineta-67.htm	0	200	
https://www.uptoart.it	0	200	
https://www.valledellecartiere.it/it/	0	200	
https://www.vallecamonicaunesco.it/parco-naquane.php?lang=en	0	404	
https://www.vallecamonicaunesco.it/	0	200	
https://www.valledorospa.it/website/	0	302	/
https://www.valoreaggiunto.com	0	301	https://www.valoreaggiunto.com/it/home/
https://www.valotti.it/	0	503	
https://www.valmalencoverticale.it/	0	200	
https://www.van4you.it/noleggio-furgoni/provincia-lodi/lodi/	0	200	
https://www.velodromofassabortolo.com/	6		
https://www.velenobrescia.it/	0	301	https://velenobrescia.it/
https://www.venticinquedodici.com	35		
https://www.venusiane.it/	0	200	
https://www.verga-artigrafiche.it/	0	200	
https://www.vertenzebrescia.it/	0	301	https://vertenzebrescia.it/
https://www.verzeletti.com/	0	200	
https://www.vb-srl.it/	0	200	
https://www.vetrocar.it/centri/vetrocar-brescia/	0	403	
https://www.vezzadoglioturismo.it/?page_id=474	0	404	
https://www.veterinarioargo.com	0	200	
https://www.vianellibikes.com/	0	301	/Default
https://www.vibropress.it/	0	200	
https://www.ustservizibs.it/	28		
https://www.veterinariobertoni.it/	0	200	
https://www.viemcucine.it	0	200	
https://www.viemme61.it/	0	200	
https://www.vigilidelfuocodesenzano.it/vigilidelfuocodesenzano/HOME.html	0	200	
https://www.vieffecorse.com/	0	301	https://vieffecorse.com/
https://www.vignetopusterla.com/	0	200	
https://www.villabadiapiccola.it/	0	200	
https://www.villabenedita.it/	6		
https://www.villabelvedere1849.it/	0	200	
https://www.villa-giuliana.it/Villa_Giuliana.html	0	301	https://villa-giuliana.it/Villa_Giuliana.html
https://www.villacarlotta.it/	0	301	/en/
https://www.villacappellina.it/	0	200	
https://www.villacicognamozzoni.it	0	200	
https://www.vigilfuoco.it/sedi-vvf/distaccamento-volontari-di-bagolino	0	200	
https://www.villadelsogno.it/	0	200	
https://www.villafiordaliso.it/	0	200	
https://www.villagaruti.it/	0	200	
https://www.villafenaroli.it/	0	200	
https://www.villagemma.it/	0	200	
https://www.villaggiobitcoin.it/	0	200	
https://www.villaclerici.it/galleria-darte-sacra-dei-contemporanei/	0	200	
https://www.villagiuliabb.it/	0	301	https://buiibo.com/red.php?url=https%3A%2F%2Fwww.booking.com%2Fhotel%2Fit%2Fb-amp-b-villa-giulia-desenzano-del-garda.html%3Faid%3D7974236%26label%3Did1263
https://www.villagiulia.it	0	200	
https://www.villaggiolafoce.it/	0	200	
https://www.villamargheritalimone.com	0	200	
https://www.villaclerici.it	0	200	
https://www.villaimeldalimone.it/	0	200	
https://www.villaparadiso.com/	0	200	
https://www.villasanvalentino.com/	0	301	https://www.ruculi.com/it/villa-san-valentino
https://www.villasofiahotel.it/	0	200	
https://www.villasostaga.it/	0	301	https://www.villasostaga.it/en/
https://www.vini-bulgarini.com/	0	301	https://www.vini-bulgarini.com/it
https://www.vinotecabustoarsizio.it	0	200	
https://www.virginactive.it/centri_fitness/brescia/viale_italia/home.aspx	0	404	
https://www.villenparksanghen.com/it/	0	200	
https://www.villapioppihotel.com	0	200	
https://www.visionottica.it/	0	200	
https://www.virsatunes.com/virsa-tunes-brescia/	0	200	
https://www.viridea.it/garden-center/arese/	0	200	
https://www.visitlakeiseo.info	0	301	https://visitlakeiseo.info/
https://www.vistavisiongroup.com/milano	0	301	https://www.vistavisiongroup.com/dove-siamo/milano/
https://www.visitvalsaviore.it/pro-loco-valsaviore/	0	404	
https://www.vittoriale.it/	0	200	
https://www.vivailoda.it/	0	200	
https://www.vivafm.it/	0	200	
https://www.visitvalvestino.it/portfolio_page/museo-etnografico/	0	200	
https://www.vittorialata.com/chi-siamo/laviosuperficie/	0	200	
https://www.vivaiocammarata.it/	0	200	
https://www.volobrescia.it/	6		
https://www.vogheraest.it/	0	200	
https://www.vivaldi43.it	0	200	
https://www.weekend.it/	0	302	https://www.weekend.it/en/
https://www.wellcurvystyle.it/	0	301	https://wellycurvystyle.it/
https://www.wellsushi.com	0	200	
https://www.wheelup.it/	0	200	
https://www.whitedesignstudio.it	0	200	
https://www.vivilavalsabbia.com/	0	200	
https://www.volonghigomme.it/	0	200	
https://www.wienerhaus.com/	0	301	https://www.wienerhaus.it/
https://www.windgallaratestazione.it/	6		
https://www.wilderness.it/sito/area-wilderness-val-di-vesta/	0	200	
https://www.windtre.it	0	200	
https://www.wildbeerdesio.it	0	200	
https://www.www.prixquality.com/jspprixquality/index.jsp	6		
https://www.windoorserramenti.it	0	200	
https://www.x-moto.it	0	200	
https://www.yanceytattoo.it	6		
https://www.yikosushi.it	6		
https://www.yamamay.com/it_it/	0	200	
https://www.zacmetalli.it/	0	200	
https://www.youthpoint.eu/	0	200	
https://www.xtimepromo.com/	0	200	
https://www.wuerth.it/negozi/mappa/brescia-via-triumplina/	0	200	
https://www.zadeiclinic.it/	0	301	https://zadeiclinic.it/
https://www.zampaconme.com/	0	200	
https://www.zeuschargingstation.com/	0	200	
https://www.zetatraining.it/	0	200	
https://www.zara-solutions.it/	0	301	https://zara-solutions.it/
https://www.zenegaglia.it/	0	301	https://zenegaglia.it/
https://www.zf.com/italy/it_it/corporate/homepage_corporate/homepage_corporate.html	0	403	
https://www.zippopiu.it/	0	301	https://zippopiu.it/
https://www.zuiki.it/	0	103	
https://www.zorzizucchero.it/	0	200	
https://www.zushi.it/it/8192/Mantova	0	200	
https://xander-beer.it/	60		
https://x-fire.it/	0	301	https://www.x-fire.it/
https://xoomer.virgilio.it/dosselli/la%20strage%20di..htm	0	410	
https://yangsushi.it/sushi-bagnolo-mella/	0	200	
https://zepter-italia.business.site/	0	404	
ilfioresnc.it	-1		
intesasanpaolo.com	-1		
jeanlouisdavid.it	-1		
jujitsumilano.com	-1		
laghettodelcigno.it	-1		
laltravittoria.com	-1		
lidl.it/s/it-IT/ricerca-punto-vendita/brescia-bs/via-zara-12/	-1		
limonelamilanesa.com	-1		
loconovo.it	-1		
magazzinifirme.com	-1		
metropolispub.altervista.org	-1		
milonbrescia.it	-1		
motoribrescia.it	-1		
muhammadiah.com	-1		
neogy.it	-1		
odstore.it	-1		
officinabianchini.it	-1		
otium-spa.com	-1		
otiumcaffe.it	-1		
pallacanestrobrescia.it	-1		
panificiopiubeni.it	-1		
pizzeriagustosa.com	-1		
poste.it	-1		
promozioni.trony.it	-1		
quinzani.it	-1		
rossocorsa.it	-1		
sangiovannibosco.school	-1		
scillameccanica.it	-1		
sea-srl.it	-1		
shop.berner.eu	-1		
sicurtecbrescia.it	-1		
smaosrl.it	-1		
studiodottoragnelli.com	-1		
supersigma.com	-1		
sushyemilysanzenonaviglio.it	-1		
tte.it	-1		
univergomma.it	-1		
vertigolivigno.com	-1		
veterinariotonnimirella.it	-1		
vinotecalegnano.it	-1		
www.Kevlove.it	-1		
www.agricolapirola.it	-1		
www.aqvagold.it	-1		
www.bb-lacolombara.it	-1		
www.bbiseo.it	-1		
www.betella.it	-1		
www.biscottificiomontagna.com	-1		
www.bresciagolf.it	-1		
www.campingpilzone.altervista.org	-1		
www.capannalagoscuro.it	-1		
www.cartapani.it	-1		
www.casadamimmo.it	-1		
https://zanzanu.it/	0	200	
www.casadelradiatore.eu	-1		
www.casanovaweb.it	-1		
www.cascinacattafame.it/pizzeria	-1		
www.cinziarocca.com	-1		
www.climbingsebino.it	-1		
www.computer-tm.com	-1		
www.comune.braone.bs.it	-1		
www.comune.sermide.mn.it	-1		
www.continentalbrescia.com	-1		
www.copanitalia.com	-1		
www.creberg.it	-1		
www.crottodeipescatori.com	-1		
www.defox.it	-1		
www.delicatessen.eu	-1		
www.desenzanino.eu	-1		
www.duca-s.it	-1		
www.duecolombe.it	-1		
www.enotecaringo.it	-1		
www.facebook.com/AmiciDiStracciatella	-1		
www.facebook.com/madclimbersbs	-1		
www.farmaciapaterlini.it	-1		
www.farmaciarisorgimento.farmagora.it	-1		
www.farmamia.it	-1		
www.forneriaguerreschi.com	-1		
www.gelateriagioria.it	-1		
www.giulianoscalvinifotografo.it	-1		
www.globogis.it	-1		
www.gtstignale.de	-1		
www.gtstignale.it/al-portichetto.htm	-1		
www.hotelacbrescia.com	-1		
www.hotelexcelsiorboario.it	-1		
https://www.zubani.it/	0	200	
www.hotelvillacapri.it	-1		
www.isushimi.it	-1		
www.ittiturismodabate.it	-1		
www.kasanova.it	-1		
www.lacoccinellastore.com	-1		
www.lavignetta.it	-1		
www.lazappaglia.it	-1		
www.liceocalini.it	-1		
www.liceoleonardobs.gov.it/sito/home	-1		
www.lidodeiplatani.it	-1		
www.locandadelvegnot.it	-1		
www.locandaladosselloprovaglio.it	-1		
www.luckymusic.com	-1		
www.maiorestaurant.com	-1		
www.manerbabrewery.it	-1		
www.meublesorriso.it	-1		
www.milanoptics.it	-1		
www.mondoliquido.com	-1		
www.mountainrider.it	-1		
www.mtb-funtrails.it	-1		
www.osteriadellestreghe.it	-1		
www.otticaferrarigiuseppe.it	-1		
www.otticarocchitelli.it/	-1		
www.ovs.it	-1		
www.parcoincisioni.capodiponte.beniculturali.it	-1		
www.pennyblack.com	-1		
www.prolocoborno.it	-1		
www.promenade.it	-1		
www.ranchvaghezza.it/Ranch_Vaghezza_Gilberto/	-1		
www.residencelacorte.it	-1		
www.rocpalace.it	-1		
www.samarbici.it	-1		
www.sipuofarecoop.it	-1		
www.sirioantenne.it	-1		
www.stroilioro.com	-1		
www.tentazionidicaffe.it	-1		
www.thaispabrescia.it	-1		
www.upim.it	-1		
www.verocaffe.eu	-1		
www.verolacenter.it	-1		
www.villaggiodeitigli.it/	-1		
www.villinodeifiori.it	-1		
www.yogorino.com	-1		
https://zsmultiservicesbs.wixsite.com/italy	0	200	
